-- MySQL dump 10.13  Distrib 8.0.22, for Win64 (x86_64)
--
-- Host: localhost    Database: disco
-- ------------------------------------------------------
-- Server version	8.0.22

/*!40101 SET @OLD_CHARACTER_SET_CLIENT=@@CHARACTER_SET_CLIENT */;
/*!40101 SET @OLD_CHARACTER_SET_RESULTS=@@CHARACTER_SET_RESULTS */;
/*!40101 SET @OLD_COLLATION_CONNECTION=@@COLLATION_CONNECTION */;
/*!50503 SET NAMES utf8 */;
/*!40103 SET @OLD_TIME_ZONE=@@TIME_ZONE */;
/*!40103 SET TIME_ZONE='+00:00' */;
/*!40014 SET @OLD_UNIQUE_CHECKS=@@UNIQUE_CHECKS, UNIQUE_CHECKS=0 */;
/*!40014 SET @OLD_FOREIGN_KEY_CHECKS=@@FOREIGN_KEY_CHECKS, FOREIGN_KEY_CHECKS=0 */;
/*!40101 SET @OLD_SQL_MODE=@@SQL_MODE, SQL_MODE='NO_AUTO_VALUE_ON_ZERO' */;
/*!40111 SET @OLD_SQL_NOTES=@@SQL_NOTES, SQL_NOTES=0 */;

--
-- Table structure for table `tcancion`
--

DROP TABLE IF EXISTS `tcancion`;
/*!40101 SET @saved_cs_client     = @@character_set_client */;
/*!50503 SET character_set_client = utf8mb4 */;
CREATE TABLE `tcancion` (
  `CODIGO` smallint NOT NULL,
  `TITULO` char(40) NOT NULL,
  `DURACION` smallint NOT NULL,
  `PUBLICACION` date NOT NULL,
  `GENERO` char(25) NOT NULL,
  PRIMARY KEY (`CODIGO`)
) ENGINE=InnoDB DEFAULT CHARSET=utf8;
/*!40101 SET character_set_client = @saved_cs_client */;

--
-- Dumping data for table `tcancion`
--

LOCK TABLES `tcancion` WRITE;
/*!40000 ALTER TABLE `tcancion` DISABLE KEYS */;
INSERT INTO `tcancion` VALUES (0,'An its supposed to be love',300,'2007-05-15','Pop'),(1,'Dow on my knees',244,'2006-02-27','Pop'),(2,'Caught in the middle',180,'2017-01-01','Pop'),(3,'Redlight',195,'2017-01-01','Pop'),(4,'Stamina',226,'2017-01-01','Pop'),(5,'Boxer',228,'2017-01-01','Pop'),(6,'My everything',185,'2017-01-01','Pop'),(7,'Nobody loves me better',200,'2017-01-01','Pop'),(8,'Reckless',188,'2017-01-01','Pop'),(9,'Not coming down',200,'2017-01-01','Pop'),(10,'Before',205,'2017-01-01','Pop'),(11,'Pain',219,'2017-01-01','Pop'),(12,'Why',235,'2017-01-01','Pop'),(13,'Boomerang',183,'2017-01-01','Pop'),(14,'Kommena pia ta deneika',207,'2010-01-01','Pop'),(15,'Whats on my mind',317,'2018-01-01','Pop'),(16,'Dont lie to me',240,'2018-01-01','Pop'),(17,'Imagine what a wonderful world',320,'2018-01-02','Pop'),(18,'Walls',238,'2019-01-01','Pop'),(19,'Lady lbierty',236,'2018-01-03','Pop'),(20,'What the world needs now',256,'2020-01-01','Pop'),(21,'Better angels',232,'2018-01-04','Pop'),(22,'Love never wrong',230,'2012-01-01','Pop'),(23,'The rain will fall',242,'2018-01-05','Pop'),(24,'Take care of this house',254,'2002-01-01','Pop'),(25,'Happy days are here again',266,'2018-01-06','Pop'),(26,'El rosario de mi madre',193,'2019-01-01','Pop'),(27,'Frenesi',183,'2019-01-01','Pop'),(28,'Peinsa en mi',202,'2019-01-01','Pop'),(29,'Quiereme mucho',254,'2019-01-01','Pop'),(30,'Un vestido y un amor',255,'2019-01-01','Pop'),(31,'Cuando llegue al mar',233,'2019-01-01','Pop'),(32,'Ansiedad',183,'2019-01-01','Pop'),(33,'Guantanamera',188,'2019-01-01','Pop'),(34,'Pecado',199,'2019-01-01','Pop'),(35,'Maria la o',304,'2019-01-01','Pop'),(36,'Volver volver',223,'2019-01-01','Pop'),(37,'If a were sorry',193,'2016-02-28','Pop'),(38,'Siriki',183,'2019-01-01','Pop'),(39,'Alright alright alright',335,'2019-04-29','Country'),(40,'Dont it make you wanna dance',330,'2019-04-29','Country'),(41,'Staying outta jail',254,'2019-04-29','Country'),(42,'Desperados waiting or a train',420,'2019-04-29','Country'),(43,'Where theres a willie',367,'2019-04-29','Country'),(44,'Gotta get drunk',495,'2019-04-29','Country'),(45,'tin man',320,'2019-04-29','Country'),(46,'Down the road tonight',350,'2019-04-29','Country'),(47,'never ending song of love',256,'2019-04-29','Country'),(48,'sailor & the sea',640,'2019-04-29','Country'),(49,'Everybody wants to be somebody',181,'2019-04-29','Country'),(50,'shooting stars',334,'2019-04-29','Country'),(51,'jesus was a capricorn',308,'2019-04-29','Country'),(52,'El anillo',177,'2018-01-01','Pop'),(53,'Turn around',182,'2015-01-01','Rap'),(54,'KKS',184,'2019-01-01','Rap'),(55,'KDR',189,'2019-01-01','Rap'),(56,'Family',202,'2019-01-01','Pop'),(57,'Get back right',192,'2018-01-01','Trap'),(58,'Preach',183,'2018-01-01','Trap'),(59,'2 sides of the game',200,'2018-01-01','Trap'),(60,'Plugged in',203,'2018-01-01','Trap'),(61,'Holy water',176,'2018-01-01','Trap'),(62,'Blue strips',224,'2018-01-01','Trap'),(63,'Only God can judge me',176,'2018-01-01','Trap'),(64,'Yet',184,'2018-01-01','Trap'),(65,'I cant lose',197,'2018-01-01','Trap'),(66,'Switch',186,'2018-01-01','Trap'),(67,'Cant block it',179,'2018-01-01','Trap'),(68,'Fly away',203,'2018-01-01','Trap'),(69,'By chance',225,'2018-01-01','Trap'),(70,'Interludio',180,'2008-01-01','Pop'),(71,'Hoje em dia',190,'2018-01-01','Pop'),(72,'Intro',78,'2005-05-23','Rap'),(73,'Electro ghetto',193,'2005-05-23','Rap'),(74,'Kopf hoch',232,'2005-05-23','Rap'),(75,'Schmetterling',198,'2005-05-23','Rap'),(76,'Typisch ich',169,'2005-05-23','Rap'),(77,'Ewige Nacht',254,'2005-05-23','Rap'),(78,'Teufelskreis',234,'2005-05-23','Rap'),(79,'Deutchland gib mir ein mic',223,'2005-05-23','Rap'),(80,'Gemein wie 100',224,'2005-05-23','Rap'),(81,'Wenn wir kommen',187,'2005-05-23','Rap'),(82,'Feuersturm',176,'2005-05-23','Rap'),(83,'Hoffnun stirbt zuletzt',199,'2005-05-23','Rap'),(84,'Ihr wartet drauf',209,'2005-05-23','Rap'),(85,'Nie Wieder',184,'2005-05-23','Rap'),(86,'Intro',78,'2005-03-06','Rap'),(87,'Waffendealer',185,'2005-03-06','Rap'),(88,'Der Sandmann',186,'2005-03-06','Rap'),(89,'Die Stimme der nation',285,'2005-03-06','Rap'),(90,'ntergrund',180,'2005-03-06','Rap'),(91,'Ab 18',175,'2005-03-06','Rap'),(92,'Das leben ist hart',181,'2005-03-06','Rap'),(93,'Staatsfeind',185,'2005-03-06','Rap'),(94,'Harter brocken',165,'2005-03-06','Rap'),(95,'Hymne des strase',175,'2005-03-06','Rap'),(96,'Augenblick',276,'2005-03-06','Rap'),(97,'Endgengner',158,'2005-03-06','Rap'),(98,'Bis wir uns wieder sehen',156,'2005-03-06','Rap'),(99,'Wir leben lang',169,'2005-03-06','Rap'),(100,'Der bosewicht',167,'2005-03-06','Rap'),(101,'Ciudad de pael',189,'2018-01-01','Pop'),(102,'Esta rico',193,'2018-01-01','Pop'),(103,'Slide away',185,'2019-01-01','Pop'),(104,'Domani',186,'2019-01-01','Pop'),(105,'Muevelo',185,'2020-01-01','Reggaeton'),(106,'Sono solo parole',197,'2012-01-01','Pop'),(107,'One man ceiling is another man',186,'2018-01-01','Pop'),(108,'Love never wrong',187,'2018-01-01','Pop'),(109,'Cnat run but',196,'2018-01-01','Pop'),(110,'How the heart approaches',185,'2018-01-01','Pop'),(111,'Pugs sheep and wolves',178,'2018-01-01','Pop'),(112,'Rene and georgette magritte',197,'2018-01-01','Pop'),(113,'The teacher',167,'2018-01-01','Pop'),(114,'Darling lorraine',487,'2018-01-01','Pop'),(115,'Some Folks Lives rool easy',195,'2018-01-01','Pop'),(116,'Questions for the angels',240,'2018-01-01','Pop'),(117,'Junge',187,'2017-01-01','Pop'),(118,'Me gust',197,'2020-01-01','Pop'),(119,'Bandana',178,'2001-01-01','Pop'),(120,'Mirame de cerca',198,'2001-01-01','Pop'),(121,'Contigo',178,'2001-01-01','Pop'),(122,'Noche',199,'2002-05-09','Pop'),(123,'Dia',244,'2002-05-09','Pop'),(124,'Vivir intentando',178,'2003-07-04','Pop'),(125,'Intentando vivir',244,'2003-07-04','Pop'),(126,'Hasta siempre',201,'2004-06-01','Pop'),(127,'Hasta nunca',176,'2004-06-01','Pop'),(128,'Cuando no estas',224,'2007-06-03','Pop'),(129,'Inventario',198,'2007-06-03','Pop'),(130,'Todo lo que queda',196,'2007-06-03','Pop'),(131,'llueve',167,'2007-06-03','Pop'),(132,'Necesito',265,'2007-06-03','Pop'),(133,'No olvidar',124,'2007-06-03','Pop'),(134,'Despertar',180,'2007-06-03','Pop'),(135,'Mirame de cerca',203,'2014-05-06','Pop'),(136,'Apreciame',198,'2014-05-06','Pop'),(137,'Espejos',189,'2011-01-05','Pop'),(138,'La noche',187,'2018-06-06','Pop'),(139,'el susto',189,'2018-06-06','Pop'),(140,'Yueves',168,'2018-06-06','Pop'),(141,'Claramente',167,'2018-06-06','Pop'),(142,'Amor y roma',189,'2018-06-06','Pop'),(143,'Para vos',127,'2018-06-06','Pop'),(144,'Carnavalintro',267,'2018-06-06','Pop'),(145,'Neistumischiu',179,'2018-06-06','Pop'),(146,'La maquina del amor',245,'2018-06-06','Pop'),(147,'La tumbada',178,'2018-06-06','Pop'),(148,'El doble',224,'2019-11-11','Pop'),(149,'La despedida al sol',256,'2019-11-11','Pop'),(150,'yo he perdido algo',276,'2019-11-11','Pop'),(151,'La bievenido',224,'2019-11-11','Pop'),(152,'Juan del abrrio san Jose',200,'2019-11-11','Pop'),(153,'Sonatina en si sostenido',228,'2019-11-11','Pop'),(154,'Dia de la comadre',198,'2019-11-11','Pop'),(155,'Melody maker',189,'2019-11-11','Pop'),(156,'Solo un Nombre',184,'2019-11-11','Pop'),(157,'All you gotta do',225,'2016-04-29','Pop'),(158,'Great escape',267,'2016-04-29','Pop'),(159,'Still Standing',271,'2016-04-29','Pop'),(160,'Got me started',186,'2016-04-29','Pop'),(161,'MY stupid heart',189,'2016-04-29','Pop'),(162,'Finders Keepers',178,'2016-04-29','Pop'),(163,'Handwriten',193,'2016-04-29','Pop'),(164,'Quiero volver',187,'2018-10-12','Pop'),(165,'Flores',178,'2018-10-12','Pop'),(166,'Princesa',189,'2018-10-12','Pop'),(167,'Like that',192,'2018-10-12','Pop'),(168,'Por que te vas',198,'2018-10-12','Pop'),(169,'En mi mundo',189,'2012-06-05','Pop'),(170,'Ser mejor',180,'2012-06-05','Pop'),(171,'Te creo',181,'2012-06-05','Pop'),(172,'Hoy somos mas',180,'2013-06-11','Pop'),(173,'Entre dos mundos',185,'2013-06-11','Pop'),(174,'Yo soy asi',187,'2013-06-11','Pop'),(175,'Peligrosamente',188,'2013-06-11','Pop'),(176,'Euforia',192,'2013-06-11','Pop'),(177,'Codigo amistad',178,'2013-06-11','Pop'),(178,'Ojo con los orozco',179,'1973-06-03','Rock 70s'),(179,'El imbecil',190,'1973-06-03','Rock 70s'),(180,'Los salieris de charly',189,'1973-06-03','Rock 70s'),(181,'Pensar en nada',187,'1973-06-03','Rock 70s'),(182,'Solo le pido a Dios',182,'1973-06-03','Rock 70s'),(183,'El fantasma de canterville',180,'1973-06-03','Rock 70s'),(184,'Tema de los mosquitos',180,'1973-06-03','Rock 70s'),(185,'Si ves a mi padre',178,'1974-05-09','Rock 70s'),(186,'Dime que estas llorando',187,'1974-05-09','Rock 70s'),(187,'Cuando me muera quiero',185,'1974-05-09','Rock 70s'),(188,'Un dia baltazar',198,'1974-05-09','Rock 70s'),(189,'A Geronimo Josue',199,'1974-05-09','Rock 70s'),(190,'John el cowboy',180,'1974-05-09','Rock 70s'),(191,'Ramos de Manzanilla',186,'1974-05-09','Rock 70s'),(192,'Llevatelo',187,'1981-06-01','Rock 80s'),(193,'Pensar en nada',185,'1981-06-01','Rock 80s'),(194,'EL farolito',182,'1981-06-01','Rock 80s'),(195,'Y que mas',181,'1981-06-01','Rock 80s'),(196,'Fijate',181,'1981-06-01','Rock 80s'),(197,'Semillas del corazon',167,'1988-04-05','Rock 80s'),(198,'El fantasma de canterville',180,'1973-06-03','Rock 70s'),(199,'Desde tu corazon',178,'1988-04-05','Rock 80s'),(200,'Los chacareros dedragones',181,'1988-04-05','Rock 80s'),(201,'La navidad de Luis',187,'1988-04-05','Rock 80s'),(202,'Pensar en nada',185,'1981-06-01','Rock 80s'),(203,'Como un tren',158,'1994-05-09','Rock 90s'),(204,'La cultura es la sonrisa',179,'1994-05-09','Rock 90s'),(205,'En el pais de la libertad',189,'1994-05-09','Rock 90s'),(206,'Bandidos rurales',186,'2001-12-13','Rock 90s'),(207,'Buenos aires',179,'2001-12-13','Rock 90s'),(208,'Sin querer',167,'2001-12-13','Rock 90s'),(209,'Idolo de los quemados',168,'2001-12-13','Rock 90s'),(210,'Ruta del coya',189,'2001-12-13','Rock 90s'),(211,'One 4 me',198,'2016-01-01','Pop'),(212,'Desde que te has ido',178,'1998-09-30','Rock 90s'),(213,'Con todo y mi tristeza',179,'1998-09-30','Rock 90s'),(214,'Cordoba sin ti',178,'1998-09-30','Rock 90s'),(215,'Chaupi Corazon',198,'1998-09-30','Rock 90s'),(216,'Los recuerdos no abrazan',225,'1998-09-30','Rock 90s'),(217,'Puerto libre',188,'2000-07-18','Balada'),(218,'Como puedes vivir sin mi',189,'2000-07-18','Balada'),(219,'Amor donde hubo fuego',178,'2000-07-18','Balada'),(220,'Mar de amor',193,'2000-07-18','Balada'),(221,'Resolana',187,'2000-07-18','Balada'),(222,'Yo no se que me han hecho tus ojos',178,'2000-07-18','Balada'),(223,'Sin testigos',189,'2004-03-19','Rock 90s'),(224,'Una noche de amor',192,'2004-03-19','Rock 90s'),(225,'Quiero que te quedes conmigo',198,'2004-03-19','Rock 90s'),(226,'Luz de mis ojos',189,'2004-03-19','Rock 90s'),(227,'Avisos clasificados',180,'2004-03-19','Rock 90s'),(228,'Historia de amor',186,'2004-03-19','Rock 90s'),(229,'The chute out',199,'2001-01-01','Pop'),(230,'set me free',187,'2017-01-01','Pop'),(231,'Mis planes',178,'2002-01-01','Pop'),(232,'Antes que ver el sol',193,'2002-01-01','Pop'),(233,'Nada fue un error',187,'2002-01-01','Pop'),(234,'Olvidarla',178,'2002-01-01','Pop'),(235,'Que la vida',182,'2002-01-01','Pop'),(236,'Otra vez',189,'2004-10-06','Pop'),(237,'Bailemos',168,'2004-10-06','Pop'),(238,'No me arrepiento',167,'2004-10-06','Pop'),(239,'El baul de los recuerdos',189,'2004-10-06','Pop'),(240,'Soledad',127,'2004-10-06','Pop'),(241,'La suerte',267,'2004-10-06','Pop'),(242,'Nueces',179,'2004-10-06','Pop'),(243,'Just found heaven',189,'2018-06-27','Pop'),(244,'Bakbone',187,'2018-06-27','Pop'),(245,'Deep end',189,'2018-06-27','Pop'),(246,'As you are',168,'2018-06-27','Pop'),(247,'Death of me',167,'2018-06-27','Pop'),(248,'Bad habits',189,'2018-06-27','Pop'),(249,'Bright light',182,'2019-01-01','Pop'),(250,'Uknown',180,'2019-01-01','Pop'),(251,'Two years',180,'2019-01-01','Pop'),(252,'Soft and sin',178,'2019-01-01','Pop'),(253,'Seen it all',186,'2019-01-01','Pop'),(254,'Wicker Park',185,'2019-01-01','Pop'),(255,'Giveme the music',189,'2008-01-01','Pop'),(256,'Thrill is gone',168,'2005-09-12','Pop'),(257,'Wish ou well',167,'2005-09-12','Pop'),(258,'Not finished just yet',189,'2005-09-12','Pop'),(259,'Songbird',182,'2005-09-12','Pop'),(260,'Believe',180,'2005-09-12','Pop'),(261,'Wich way home',180,'2005-09-12','Pop'),(262,'Wish you well',189,'2005-05-10','Pop'),(263,'Watch over me',178,'2006-02-13','Pop'),(264,'Walk the line',186,'2014-11-15','Pop'),(265,'Dont need Yall',179,'2014-11-15','Pop'),(266,'A hundred',167,'2014-11-15','Pop'),(267,'Change your life',168,'2014-11-15','Pop'),(268,'Fancy',189,'2014-11-15','Pop'),(269,'New bitch',198,'2014-11-15','Pop'),(270,'Work',184,'2014-11-15','Pop'),(271,'Thanks I get',186,'2016-04-16','Pop'),(272,'Clap back',189,'2016-04-16','Pop'),(273,'Sally walker',178,'2016-04-16','Pop'),(274,'Hoemita',193,'2016-04-16','Pop'),(275,'Started',187,'2016-04-16','Pop'),(276,'Spend it',178,'2016-04-16','Pop'),(277,'Fuck it up',189,'2016-04-16','Pop'),(278,'Big bag',192,'2016-04-16','Pop'),(279,'Pon de Replay',198,'2005-08-29','Pop'),(280,'Here I go again',189,'2005-08-29','Pop'),(281,'If its lovin taht you want',180,'2005-08-29','Pop'),(282,'You dont love me',181,'2005-08-29','Pop'),(283,'That la la la',192,'2005-08-29','Pop'),(284,'SOS',225,'2016-04-19','Pop'),(285,'Kisses dont lie',188,'2016-04-19','Pop'),(286,'Unfaithful',189,'2016-04-19','Pop'),(287,'We ride',178,'2016-04-19','Pop'),(288,'Dem Haters',193,'2016-04-19','Pop'),(289,'Final Goodbye',187,'2016-04-19','Pop'),(290,'Break if off',178,'2016-04-19','Pop'),(291,'S&M',189,'2913-06-14','Pop'),(292,'What my name',178,'2913-06-14','Pop'),(293,'cheers',189,'2913-06-14','Pop'),(294,'Fading',192,'2913-06-14','Pop'),(295,'Phresh out the runway',198,'2012-11-19','Pop'),(296,'Diamonds',189,'2012-11-19','Pop'),(297,'Numb',180,'2012-11-19','Pop'),(298,'Pour it up',189,'2012-11-19','Pop'),(299,'Loveee Song',180,'2012-11-19','Pop'),(300,'Consideration',181,'2016-01-28','Pop'),(301,'James joint',185,'2016-01-28','Pop'),(302,'Kiss it better',189,'2016-01-28','Pop'),(303,'Work',168,'2016-01-28','Pop'),(304,'Desperados',167,'2016-01-28','Pop'),(305,'Woo',189,'2016-01-28','Pop'),(306,'Sventeen',182,'2015-11-13','Pop'),(307,'Here',180,'2015-11-13','Pop'),(308,'Outlaws',178,'2015-11-13','Pop'),(309,'Im yours',186,'2015-11-13','Pop'),(310,'Four pink walls',185,'2015-11-13','Pop'),(311,'Growing pains',189,'2018-11-10','Pop'),(312,'Not today',178,'2018-11-10','Pop'),(313,'I dont want to',193,'2018-11-10','Pop'),(314,'7 days',187,'2018-11-10','Pop'),(315,'Trst my lonely',178,'2018-11-10','Pop'),(316,'Wherever I live',189,'2018-11-10','Pop'),(317,'One night love affair',184,'1984-10-05','Rock 80s'),(318,'Shes only happy when ses dancin',186,'1984-10-05','Rock 80s'),(319,'run to you',189,'1984-10-05','Rock 80s'),(320,'heaven',178,'1984-10-05','Rock 80s'),(321,'Somebody',193,'1984-10-05','Rock 80s'),(322,'Sumer of 69',187,'1984-10-05','Rock 80s'),(323,'Heat of the night',186,'1987-03-30','Rock 80s'),(324,'Into the fire',179,'1987-03-30','Rock 80s'),(325,'Victim of love',167,'1987-03-30','Rock 80s'),(326,'Native son',168,'1987-03-30','Rock 80s'),(327,'Only the strong survive',189,'1987-03-30','Rock 80s'),(328,'How do ya fell tonigh',198,'1998-08-16','Rock 90s'),(329,'Cmon Cmon Cmon',178,'1998-08-16','Rock 90s'),(330,'Gateway',179,'1998-08-16','Rock 90s'),(331,'ON a Day like today',178,'1998-08-16','Rock 90s'),(332,'Fearless',198,'1998-08-16','Rock 90s'),(333,'Shine a light',225,'2019-05-10','Rock'),(334,'That how string our love is',188,'2019-05-10','Rock'),(335,'Part Friday night Part Sunday morning',189,'2019-05-10','Rock'),(336,'All or nothing',178,'2019-05-10','Rock'),(337,'Fireworks',187,'2010-06-15','Pop'),(338,'Karaoke',186,'2010-06-15','Pop'),(339,'The resistance',179,'2010-06-15','Pop'),(340,'Over',167,'2010-06-15','Rap'),(341,'Tuscan Leather',189,'2013-09-24','Rap'),(342,'Furtest thing',187,'2013-09-24','Rap'),(343,'Started From the bottom',189,'2013-09-24','Rap'),(344,'Wu tang Forever',168,'2013-09-24','Rap'),(345,'Own it',167,'2013-09-24','Rap'),(346,'Survival',189,'2018-06-19','Rap'),(347,'Nonstop',300,'2018-06-19','Rap'),(348,'Elevate',244,'2018-06-19','Rap'),(349,'This cant be love',180,'1992-10-01','Jazz'),(350,'Body and soul',195,'1992-10-01','Jazz'),(351,'I love being here with you',226,'2002-11-29','Jazz'),(352,'Lets  fall i love',228,'2002-11-29','Jazz'),(353,'We just couldnt say goodbye',185,'2012-10-02','Jazz'),(354,'Glad rad doll',200,'2012-10-02','Jazz'),(355,'Baby',188,'2010-03-13','Pop'),(356,'Somebody to love',200,'2010-03-13','Pop'),(357,'U smile',205,'2010-03-13','Pop'),(358,'All around the world',219,'2012-06-15','Pop'),(359,'Boyfriend',235,'2012-06-15','Pop'),(360,'Take you',183,'2012-06-15','Pop'),(361,'Mark my words',207,'2015-11-13','Pop'),(362,'Ill show yo',317,'2015-11-13','Pop'),(363,'Sorry',240,'2015-11-13','Pop'),(364,'Habitual',320,'2020-02-14','Pop'),(365,'Changes',238,'2020-02-14','Pop'),(366,'Yummy',236,'2020-02-14','Pop'),(367,'Libertine',256,'1986-04-01','Tecno'),(368,'Au bout de la nuit',232,'1986-04-01','Tecno'),(369,'L horloge',230,'1988-04-23','Tecno'),(370,'Allan',242,'1988-04-23','Tecno'),(371,'Ainsi soit Je',254,'1988-04-23','Tecno'),(372,'Degeneration',266,'2008-08-15','Tecno'),(373,'Je m ennuie',193,'2008-08-15','Tecno'),(374,'Paradis inanime',183,'2008-08-15','Tecno'),(375,'Elle a dit',202,'2012-12-31','Tecno'),(376,'A lombre',254,'2012-12-31','Tecno'),(377,'Monkey me',255,'2012-12-31','Tecno'),(378,'Hey man',233,'2000-10-14','Pop'),(379,'shit on the radio',183,'2000-10-14','Pop'),(380,'Baby girl',188,'2000-10-14','Pop'),(381,'Explore',199,'2003-11-15','Pop'),(382,'Try',304,'2003-11-15','Pop'),(383,'Spirit indestructible',223,'2012-09-14','Pop'),(384,'Parking lot',193,'2012-09-14','Pop'),(385,'Afraid',183,'2006-06-07','Pop'),(386,'Glow',335,'2006-06-07','Pop'),(387,'Cold hard truth',330,'2017-03-31','Pop'),(388,'Flatline',254,'2017-03-31','Pop'),(389,'Life of the party',420,'2015-04-14','Pop'),(390,'Stitches',367,'2015-04-14','Pop'),(391,'Never be alone',495,'2015-04-14','Pop'),(392,'Kid in love',320,'2015-04-14','Pop'),(393,'There nothing holdin me back',350,'2016-09-23','Pop'),(394,'Ruin',256,'2016-09-23','Pop'),(395,'mercy',640,'2016-09-23','Pop'),(396,'In my blood',181,'2018-05-25','Pop'),(397,'Fallin all in you',334,'2018-05-25','Pop'),(398,'Hervous',308,'2018-05-25','Pop'),(399,'Desechable',177,'2011-06-30','Pop'),(400,'Depresion',182,'2011-06-30','Pop'),(401,'Te vas',184,'2011-06-30','Pop'),(402,'Angel negro',189,'2013-01-07','Pop'),(403,'Lo que pido',202,'2013-01-07','Pop'),(404,'Vuelve por favor',192,'2013-01-07','Pop'),(405,'Pa donde se fue',183,'2017-04-28','Pop'),(406,'Que si',200,'2017-04-28','Pop'),(407,'MI buen amor',203,'2017-04-28','Pop'),(408,'Ronroneo',176,'2018-11-09','Pop'),(409,'No te me quites de aca',224,'2018-11-09','Pop'),(410,'El hombre que yo amo',176,'1988-10-14','Pop'),(411,'Quiero saber',184,'1988-10-14','Pop'),(412,'Revolution',197,'2013-11-06','Pop'),(413,'Love me',186,'2013-11-06','Pop'),(414,'Just better alone',179,'2013-11-06','Pop'),(415,'Rododendro',203,'2017-12-06','Pop'),(416,'Cambio de piel',225,'2017-12-06','Pop'),(417,'Lucha en equilibrio',180,'2017-12-06','Pop'),(418,'Querida Rosa',190,'2018-07-08','Pop'),(419,'Antorcha',184,'2018-07-08','Pop'),(420,'Sutra',193,'2018-05-18','Pop'),(421,'Quiero Decirte',232,'2018-05-18','Pop'),(422,'Cristina',198,'2019-04-12','Pop'),(423,'Falta amor',169,'2019-04-12','Pop'),(424,'Ella me cautivo',254,'2009-05-07','Reggaeton'),(425,'Noche de pasion',234,'2009-05-07','Reggaeton'),(426,'Sola',223,'2013-10-23','Reggaeton'),(427,'La venganza',224,'2013-10-23','Reggaeton'),(428,'Dejate llevar',187,'2013-10-23','Reggaeton'),(429,'Veneno',176,'2016-06-24','Reggaeton'),(430,'malvada',199,'2016-06-24','Reggaeton'),(431,'Safari',209,'2016-06-24','Reggaeton'),(432,'Vibras',184,'2018-05-25','Reggaeton'),(433,'Mi gente',176,'2018-05-25','Reggaeton'),(434,'Amame',185,'2004-09-28','Pop'),(435,'Para tua amor',186,'2004-09-28','Pop'),(436,'No creo en el jamas',285,'2007-10-23','Pop'),(437,'Clase de amor',180,'2007-10-23','Pop'),(438,'Me enamora',175,'2007-10-23','Pop'),(439,'Mil pedazos',181,'2014-03-11','Pop'),(440,'Loco de amor',185,'2014-03-11','Pop'),(441,'Perro viejo',165,'2017-05-12','Pop'),(442,'Angel',175,'2017-05-12','Pop'),(443,'Fuego',276,'2017-05-12','Pop'),(444,'Aurora',158,'2019-11-22','Pop'),(445,'Tequila',156,'2019-11-22','Pop'),(446,'Ven abrazame',169,'2015-10-25','Pop'),(447,'Quiero ser yo',167,'2012-05-11','Pop'),(448,'Contigo me siento bien',189,'2012-05-11','Pop'),(449,'Cada momento',193,'2016-12-07','Pop'),(450,'La noche',185,'2016-12-07','Pop'),(451,'Quien te dijo',186,'2016-12-07','Pop'),(452,'Need 2 b loved',185,'2010-05-18','Pop'),(453,'We were young',197,'2010-05-18','Pop'),(454,'Glass bone crash',186,'2009-12-10','Pop'),(455,'Little Louie',187,'2009-12-10','Pop'),(456,'Quizas',196,'2018-05-19','Pop'),(457,'Black',185,'2019-03-09','Pop'),(458,'Lo malo',178,'2018-01-28','Reggaeton'),(459,'Telefono',197,'2018-06-17','Pop'),(460,'Vas a quedarte',167,'2018-12-14','Pop'),(461,'Corazon partio',487,'2003-09-02','Pop'),(462,'Lo ves',195,'2003-09-02','Pop'),(463,'Amiga mia',240,'2003-09-02','Pop'),(464,'Mi soledad y yo',187,'2003-09-02','Pop'),(465,'Mi primera cancion',197,'2003-09-02','Pop'),(466,'Ensename tus manos',178,'2006-11-07','Pop'),(467,'A la primera persona',198,'2006-11-07','Pop'),(468,'Mi Peter punk',178,'2009-11-10','Pop'),(469,'desde cuando',199,'2009-11-10','Pop'),(470,'El trato',244,'2019-04-04','Pop'),(471,'Mi persona Favorita',178,'2019-04-04','Pop'),(472,'No tengo nada',185,'2019-04-04','Pop'),(473,'Ni la hora',201,'2018-06-06','Pop'),(474,'Asi me siento',176,'2000-06-07','Flamenco'),(475,'K cha cha',224,'2000-06-07','Flamenco'),(476,'Loko',198,'2002-12-09','Flamenco'),(477,'Puchero light',196,'2002-12-09','Flamenco'),(478,'Vengo de borrachera',167,'2002-12-09','Flamenco'),(479,'Locura de amor',265,'2000-04-28','Pop'),(480,'Tan lejos y tan cerca',124,'2000-04-28','Pop'),(481,'Suspiros sin pasion',180,'2000-04-28','Pop'),(482,'Perfecto es incompleto',203,'2006-07-12','Pop'),(483,'Soldado 229',198,'2006-07-12','Pop'),(484,'Dime por que',189,'2006-07-12','Pop'),(485,'Pideme',187,'2015-12-08','Pop'),(486,'Podria ser',189,'2015-12-08','Pop'),(487,'Mirate',168,'2015-12-08','Pop'),(488,'I dont need to be you',167,'2018-05-04','Pop'),(489,'Ready or not',189,'2018-05-04','Pop'),(490,'Im with you',127,'2018-05-04','Pop'),(491,'Culpable o no',267,'2019-01-01','pop'),(492,'Como un fantasma',179,'2011-11-22','pop'),(493,'A una carta',245,'2011-11-22','pop'),(494,'Me provoca',178,'2011-11-22','pop'),(495,'Soy humana',224,'2016-04-01','pop'),(496,'Lagrimas',256,'2016-04-01','pop'),(497,'Tu y yo',276,'2016-04-01','pop'),(498,'Quinta dimension',224,'2013-09-17','pop'),(499,'Ni un minuto mas',200,'2013-09-17','pop'),(500,'Drama',228,'2013-09-17','pop'),(501,'El galapaguito',198,'2017-01-01','pop'),(502,'Dos secretos',189,'2017-01-01','pop'),(503,'Amor herido',184,'2017-01-01','pop'),(504,'Fiebre',225,'2016-12-02','pop'),(505,'Lo tenga o no',267,'2016-12-02','pop'),(506,'Camino a laverdad',271,'2016-12-02','pop'),(507,'En tus planes',186,'2020-01-03','Reggaeton'),(508,'Si tu la quieres',189,'2020-01-03','Pop'),(509,'Sabras',178,'2020-01-03','Pop'),(510,'Algo casual',193,'2019-02-08','Pop'),(511,'heroes',187,'2019-02-08','Pop'),(512,'Desde que te vi',178,'2019-02-08','Pop'),(513,'Ahora que eres fuerte',189,'2019-02-08','Pop'),(514,'Sigue el ritmo',192,'2016-01-01','Pop'),(515,'Dimelo',198,'2016-01-01','Flamenco'),(516,'Hasta que se apague el sol',189,'2016-01-01','Flamenco'),(517,'Ahora que te vas',180,'2016-01-01','Flamenco'),(518,'Semana',181,'2018-01-01','Pop'),(519,'Al bando vencido',180,'2018-01-01','Pop'),(520,'Encara em mires ara',185,'2011-01-01','Pop'),(521,'Avui Nomes',187,'2011-01-01','Pop'),(522,'Cantame',188,'2012-04-24','Pop'),(523,'Ella y el',192,'2012-04-24','Pop'),(524,'La carcel del amor',178,'2012-04-24','Pop'),(525,'La luz en la noche',179,'2008-01-01','Pop latino'),(526,'Autentico',190,'2008-01-01','Pop latino'),(527,'Lo que tenia',189,'2019-01-01','Reggaeton'),(528,'Esclavos',187,'2013-06-18','Hip hop'),(529,'Caja de madera',182,'2013-06-18','Hip hop'),(530,'Caliente',180,'2013-06-18','Hip hop'),(531,'Quien soy yo',180,'2019-01-01','Rap'),(532,'Me dijeron de pequeno',178,'2018-01-01','Pop'),(533,'Dejame ser',186,'2018-01-01','Pop'),(534,'Los primeros dias',185,'2018-01-01','Pop'),(535,'Dispara lentamente',198,'2018-01-01','Pop'),(536,'Me gusta',199,'2018-01-01','Pop'),(537,'Que bonito es querer',180,'2018-01-01','Pop'),(538,'La vida solo es una',186,'2015-01-01','Pop'),(539,'Yo decido',187,'2015-01-01','Pop'),(540,'El brillo de la luna',185,'2015-01-01','Pop'),(541,'Me equivoque',182,'2013-01-01','Pop'),(542,'Soy yo',181,'2010-01-01','Pop'),(543,'Desconocida',181,'2010-01-01','Pop'),(544,'Con solo una mirada',167,'2010-01-01','Pop'),(545,'Tres vidas',180,'2020-01-01','Pop'),(546,'Lo que me de la gana',178,'2020-01-01','Pop'),(547,'Te quiero',181,'2020-01-01','Pop'),(548,'Yo quisiera ser muy libre',187,'2018-01-01','Pop'),(549,'Ni contigo ni sin ti',185,'2018-01-01','Pop'),(550,'Yo te lo digo cantando',158,'2018-01-01','Pop'),(551,'Memorias de la carretera',179,'2008-01-01','Rock'),(552,'En el angulo muerto',189,'2008-01-01','Rock'),(553,'Restos de stock',186,'2008-01-01','Rock'),(554,'Grande',179,'2018-01-01','Rap'),(555,'Los dos lados del telon',167,'2018-01-01','Rap'),(556,'Antartida',168,'2018-01-01','Rap'),(557,'La vida son solo dos dias',189,'2018-01-01','Pop'),(558,'El camino',198,'2017-12-15','Pop'),(559,'El nino',178,'2017-12-15','Pop'),(560,'El Gato',179,'2017-12-15','Pop'),(561,'El patio',178,'2017-12-15','Pop'),(562,'Tito tire',198,'2014-06-03','Flamenco'),(563,'Cante de la roda de Sevilla',225,'2014-06-03','Flamenco'),(564,'Sulema',188,'2014-06-03','Flamenco'),(565,'Aunque a veces duela',189,'2016-01-01','Balada'),(566,'Infinitos bailes',178,'2016-01-01','Balada'),(567,'Carrusel',193,'2016-01-01','Balada'),(568,'Ahora se quien soy',187,'2017-06-30','Pop'),(569,'Al fin pienso en mi',178,'2017-06-30','Pop'),(570,'me he prometido',189,'2017-06-30','Pop'),(571,'Y sin darme cuenta',192,'2016-01-01','Flamenco'),(572,'Dicen por ahi',198,'2016-01-01','Flamenco'),(573,'Ay mamasota',189,'2016-01-01','Flamenco'),(574,'Bandera blanca',180,'2019-01-01','Pop'),(575,'Solo para ti',186,'2019-01-01','Pop'),(576,'Donna',199,'2019-01-01','Pop'),(577,'Dejame olvidarte',187,'2019-01-01','Pop'),(578,'Somos',178,'2015-01-01','Pop'),(579,'Todo lo que tengo',193,'2015-01-01','Pop'),(580,'Tienes todo',187,'2015-01-01','Pop'),(581,'I do',178,'2018-01-01','Pop'),(582,'Te quiero amar',182,'2019-01-01','Reggaeton'),(583,'Bailame lento',189,'2019-01-01','Reggaeton'),(584,'Como no',168,'2019-01-01','Reggaeton'),(585,'Lately',167,'2012-01-01','Blues'),(586,'Imagine',189,'2019-02-08','Trap'),(587,'Needy',127,'2019-02-08','Trap'),(588,'NASA',267,'2019-02-08','Trap'),(589,'Bloodline',179,'2019-02-08','Trap'),(590,'All i ever need',189,'2014-01-01','Pop'),(591,'Out of space',187,'2012-06-11','Hip hop'),(592,'Nepture',189,'2012-06-11','Hip hop'),(593,'Atlantis',168,'2012-06-11','Hip hop'),(594,'Fantasea',167,'2012-06-11','Hip hop'),(595,'Intro',57,'2012-10-12','Hip hop'),(596,'Wildest Dreams',225,'2012-10-12','Hip hop'),(597,'So sick',180,'2012-10-12','Hip hop'),(598,'Slower',180,'2012-10-12','Hip hop'),(599,'Good times',178,'2013-10-08','Pop'),(600,'Champagne',186,'2013-10-08','Pop'),(601,'Wasting all these tears',185,'2013-10-08','Pop'),(602,'Everybody sings',189,'2013-10-08','Pop'),(603,'Kings of hearts',168,'2019-01-01','Pop'),(604,'Good morning',167,'2019-01-01','Jazz'),(605,'Her love',189,'2019-01-01','Jazz'),(606,'Wele interlude',182,'2019-01-01','Jazz'),(607,'Hercules',180,'2019-01-01','Jazz'),(608,'Gypsy heart',180,'2014-09-30','Pop'),(609,'Goldmine',189,'2014-09-30','Pop'),(610,'Cruisin',178,'2014-09-30','Pop'),(611,'Like tomorrow',186,'2014-09-30','Pop'),(612,'Sorry no sorry',179,'2017-09-29','Pop'),(613,'Tell me you love me',167,'2017-09-29','Pop'),(614,'Sexy dirty love',168,'2017-09-29','Pop'),(615,'The ringer',189,'2018-08-31','Rap'),(616,'Greatest',198,'2018-08-31','Rap'),(617,'Lucky oyu',184,'2018-08-31','Rap'),(618,'Paul',186,'2018-08-31','Rap'),(619,'Normal',189,'2018-08-31','Rap'),(620,'Witness',178,'2017-06-09','Pop'),(621,'Hey hey hey',193,'2017-06-09','Pop'),(622,'Roulette',187,'2017-06-09','Pop'),(623,'Swish swish',178,'2017-06-09','Pop'),(624,'Feel the love',189,'2018-01-01','Hip hop'),(625,'Dire',192,'2018-01-01','Hip hop'),(626,'4th Dimension',198,'2018-01-01','Hip hop'),(627,'Diamond Heart',189,'2016-10-21','Pop'),(628,'A-YO',180,'2016-10-21','Pop'),(629,'Joanne',181,'2016-10-21','Pop'),(630,'John Wayne',192,'2016-10-21','Pop'),(631,'Cruel world',225,'2020-01-01','Indie pop'),(632,'Shades of cool',188,'2020-01-01','Indie pop'),(633,'Medellin',189,'2019-06-14','Hip hop'),(634,'Dark ballet',178,'2019-06-14','Hip hop'),(635,'God cotrol',193,'2019-06-14','Hip hop'),(636,'Future',187,'2019-06-14','Hip hop'),(637,'GTFO',178,'2018-11-16','Funk'),(638,'with oyu',189,'2018-11-16','Funk'),(639,'Caution',178,'2018-11-16','Funk'),(640,'A no no',189,'2018-11-16','Funk'),(641,'The distance',192,'2018-11-16','Funk'),(642,'Granja Burn',198,'2018-08-10','Hip hop'),(643,'Majesty',189,'2018-08-10','Hip hop'),(644,'Barbie drams',180,'2018-08-10','Hip hop'),(645,'Voodoo',189,'2016-06-16','Pop'),(646,'Champagne problems',180,'2016-06-16','Pop'),(647,'Close',181,'2016-06-16','Pop'),(648,'Chainsaw',185,'2016-06-16','Pop'),(649,'Rare',189,'2020-01-10','Pop'),(650,'Dance again',168,'2020-01-10','Pop'),(651,'Lookt at her now',167,'2020-01-10','Pop'),(652,'I forgot that you existed',189,'2019-08-23','Pop'),(653,'Cruel summer',182,'2019-08-23','Pop'),(654,'Lover',180,'2019-08-23','Pop'),(655,'The man',178,'2019-08-23','Pop'),(656,'With pinyi',186,'2018-01-01','Pop'),(657,'Arise my senses',185,'2017-11-24','Electronic po'),(658,'Blising me',189,'2017-11-24','Electronic po'),(659,'The gate',178,'2017-11-24','Electronic po'),(660,'Utopia',193,'2017-11-24','Electronic po'),(661,'Time to say goodby',187,'1997-01-01','Opera pop'),(662,'Prosopagnosia',178,'2017-01-01','Hip hop'),(663,'Prisoner 709',189,'2017-01-01','Hip hop'),(664,'La caduta di atlante',184,'2017-01-01','Hip hop'),(665,'Per il resto tutto bene',186,'2018-01-01','Rock'),(666,'Vita ce ne',189,'2018-01-01','Rock'),(667,'Vale per sempre',178,'2018-01-01','Rock'),(668,'Siamo',193,'2018-01-01','Rock'),(669,'Mas buena',187,'2017-06-23','Latin pop'),(670,'Cuando un hombre te enamora',186,'2017-06-23','Latin pop'),(671,'Rivales',179,'2017-06-23','Latin pop'),(672,'Satisfecha',167,'2017-06-23','Latin pop'),(673,'Te voy a perder',168,'2015-01-01','Pop'),(674,'A manos llenas',189,'2015-01-01','Pop'),(675,'Tanto amar',198,'2015-01-01','Pop'),(676,'Amenaza de lluvia',178,'2015-01-01','Pop'),(677,'Insensible a ti',179,'2017-01-01','Pop'),(678,'Tu oportunidad',178,'2017-01-01','Pop'),(679,'Sentimientos',198,'2017-01-01','Pop'),(680,'Te aprovechas',225,'2017-01-01','Pop'),(681,'Crecimos juntos',188,'2015-01-01','Pop'),(682,'Mas que dos',189,'2015-01-01','Pop'),(683,'Abrazame y veras',178,'2015-01-01','Pop'),(684,'Es mi pasion',187,'2015-01-01','Pop'),(685,'Necesitaria',186,'2018-01-01','Pop'),(686,'Y ahora te vas',179,'2018-01-01','Pop'),(687,'Un corazon enamorado',167,'2018-01-01','Pop'),(688,'Coco',189,'2017-01-01','Banda sonora'),(689,'Desire',187,'2018-09-14','Pop'),(690,'Suave y sutil',189,'2018-09-14','Pop'),(691,'Me quema',168,'2018-09-14','Pop'),(692,'Thats how you write a song',167,'2018-01-01','Pop'),(693,'Hurricane',189,'2012-01-01','Pop'),(694,'Dance on the heartbreak',156,'2012-01-01','Pop'),(695,'Learning to swim',169,'2012-01-01','Pop'),(696,'Moura encantada',167,'2015-01-01','Folk'),(697,'Desamparo',189,'2015-01-01','Folk'),(698,'Dia de Folga',193,'2015-01-01','Folk'),(699,'Palavras minhas',185,'2012-01-01','Fado'),(700,'Calcada a Portuguesa',186,'2012-01-01','Fado'),(701,'Voz Marinheira',185,'2012-01-01','Fado'),(702,'Luz de corvo',197,'2012-01-01','Fado'),(703,'O melhor presente',186,'2018-01-01','Jazz'),(704,'Por amarte asi',187,'2010-01-01','Pop'),(705,'Imaginame sin ti',196,'2010-01-01','Pop'),(706,'De creer en ti',185,'2010-01-01','Pop'),(707,'A puro dolor',178,'2010-01-01','Pop'),(708,'Pensando en ti',197,'2019-01-01','Reggaeton'),(709,'Despacito',167,'2019-01-01','Reggaeton'),(710,'Adictiva',487,'2020-01-01','Reggaeton'),(711,'Dura',195,'2020-01-01','Reggaeton'),(712,'Buena vida',240,'2020-01-01','Reggaeton'),(713,'Hielo',187,'2020-01-01','Reggaeton'),(714,'Vuelve',197,'2020-01-01','Reggaeton'),(715,'War rages on',178,'2014-01-01','Indie rock'),(716,'I head love is blink',198,'2003-10-23','Soul'),(717,'Someone to watch over me',178,'2003-10-23','Soul'),(718,'What it is',199,'2003-10-23','Soul'),(719,'Crazy stupid love',244,'2014-06-14','Pop'),(720,'Santa Claus is coming to town',178,'2018-10-26','Pop'),(721,'Man with the bag',185,'2018-10-26','Pop'),(722,'Jungle bell rock',201,'2018-10-26','Pop'),(723,'This Christmas day',176,'2018-10-26','Pop'),(724,'The sapling',224,'2019-01-01','Pop'),(725,'Gold in a brass age',198,'2019-01-01','Pop'),(726,'Furthring',196,'2019-01-01','Pop'),(727,'Boyfirend',167,'2019-08-02','R&B contemporaneo'),(728,'High Expectations',265,'2019-08-02','R&B contemporaneo'),(729,'Bad behaviour',124,'2019-08-02','R&B contemporaneo'),(730,'Dont Call me up',180,'2019-08-02','R&B contemporaneo'),(731,'One last time',198,'2012-01-01','Europop'),(732,'gritty retty',168,'2019-09-20','Pop'),(733,'Glad hes gone',189,'2019-09-20','Pop'),(734,'Bad as the boys',198,'2019-09-20','Pop'),(735,'Mi vida',225,'2019-01-01','Rock'),(736,'Ya no te creo',267,'2016-01-01','Ballada'),(737,'Donde esta la vida',271,'2016-01-01','Ballada'),(738,'Pideme',186,'2016-01-01','Ballada'),(739,'Libre',189,'2016-01-01','Ballada'),(740,'Vete pa la',178,'2019-01-01','Reggaeton'),(741,'De tus ojos',193,'2018-11-16','Pop'),(742,'Inventas',187,'2018-11-16','Pop'),(743,'Abril',178,'2018-11-16','Pop'),(744,'Pideme',189,'2018-11-16','Pop'),(745,'El intento',192,'2018-11-16','Pop'),(746,'Querido amigo',198,'2019-01-01','Trap'),(747,'The humming',224,'2015-11-20','Pop'),(748,'So i could find my way',200,'2015-11-20','Pop'),(749,'Even in the shadows',228,'2015-11-20','Pop'),(750,'La fiesta del mariachi',178,'2017-11-24','Ranchera'),(751,'No me amenaces',179,'2017-11-24','Ranchera'),(752,'Llamarada',167,'2017-11-24','Ranchera'),(753,'Soy prohibido',189,'2017-11-24','Ranchera'),(754,'Reino de la verdad',127,'2016-04-08','Pop rock'),(755,'Ya no estas',267,'2016-04-08','Pop rock'),(756,'Guerras de amor',179,'2016-04-08','Pop rock'),(757,'Nadie va a molestar',189,'2019-01-01','Trap'),(758,'Nadie ha dicho',178,'2018-03-16','Pop'),(759,'Nuevo',193,'2018-03-16','Pop'),(760,'La solucion',187,'2018-03-16','Pop'),(761,'Esta alla',178,'2018-03-16','Pop'),(762,'Dancing',189,'2018-04-06','Pop'),(763,'Stop me from falling',192,'2018-04-06','Pop'),(764,'Golden',198,'2018-04-06','Pop'),(765,'F it up',189,'2018-01-01','Hip hop'),(766,'Talk about us',180,'2018-01-01','Hip hop'),(767,'Indian giver',181,'2018-01-01','Hip hop'),(768,'Best Friend',180,'2018-01-01','Hip hop'),(769,'Un vie de rian',185,'2005-01-01','Pop'),(770,'Rio negro',187,'2005-01-01','Pop'),(771,'Double enface',188,'2005-01-01','Pop'),(772,'Refugie',192,'2005-01-01','Pop'),(773,'Quel jeu elle joue',178,'2005-01-01','Pop'),(774,'La formula',179,'2018-09-28','Reggaeton'),(775,'Mami',190,'2018-09-28','Reggaeton'),(776,'Caliente',189,'2018-09-28','Reggaeton'),(777,'Todo el amor',187,'2018-09-28','Reggaeton'),(778,'Wake me',182,'2020-02-06','Trap'),(779,'Universo',180,'2020-01-30','Pop'),(780,'Genesis',189,'2017-06-02','Pop'),(781,'Lost in your light',178,'2017-06-02','Pop'),(782,'Hotter than hell',187,'2017-06-02','Pop'),(783,'Be the one',186,'2017-06-02','Pop'),(784,'Eraser',179,'2017-03-02','Pop'),(785,'Castle on the hill',167,'2017-03-02','Pop'),(786,'Dive',189,'2017-03-02','Pop'),(787,'Shape of you',187,'2017-03-02','Pop'),(788,'Perfect',189,'2017-03-02','Pop'),(789,'Intro',189,'2017-10-14','Trap'),(790,'Legendario',167,'2017-10-14','Trap'),(791,'A donde voy',189,'2017-10-14','Trap'),(792,'Como yo',300,'2013-08-13','Pop'),(793,'Tu y yo',244,'2013-08-13','Pop'),(794,'Me va',180,'2013-08-13','Pop'),(795,'Inexplicable',195,'2013-08-13','Pop'),(796,'Y lloro',226,'2013-08-13','Pop'),(797,'Saturno',228,'2017-09-08','Pop'),(798,'Prerriando',185,'2019-01-01','Reggaeton'),(799,'Dj no pare',182,'2019-01-01','Reggaeton'),(800,'Estilo de vida',180,'2019-01-01','Reggaeton'),(801,'Leyenda',178,'2019-01-01','Reggaeton'),(802,'Comerte a besos',186,'2019-01-01','Reggaeton'),(803,'Shift sync',185,'2017-09-08','Electronic'),(804,'Ruche',189,'2017-09-08','Electronic'),(805,'Exclam',178,'2017-09-08','Electronic'),(806,'Hasan',193,'2017-09-08','Electronic'),(807,'Get some',187,'2010-10-22','Pop'),(808,'Changes',178,'2018-01-01','Pop'),(809,'Everyday is christmas',189,'2017-11-17','Pop'),(810,'Santas coming for us',184,'2017-11-17','Pop'),(811,'Candy cane lane',186,'2017-11-17','Pop'),(812,'Snowman',189,'2017-11-17','Pop'),(813,'Meant to be',178,'2017-10-24','Pop'),(814,'Movimiento',193,'2017-01-01','Latin pop'),(815,'Telefonia',187,'2017-01-01','Latin pop'),(816,'Silencio',189,'2017-01-01','Latin pop'),(817,'The trith',178,'2019-01-01','Pop'),(818,'Cold',193,'2019-01-01','Pop'),(819,'Champions',187,'2019-01-01','Pop'),(820,'Monsters',178,'2019-01-01','Pop'),(821,'To Russia with love',189,'2018-01-01','Pop'),(822,'Heads gonna roll',192,'2019-03-22','Pop rock'),(823,'wasted youth',198,'2019-03-22','Pop rock'),(824,'Red bull & Hennessy',189,'2019-03-22','Pop rock'),(825,'Do si do',180,'2019-03-22','Pop rock'),(826,'Quoi de neuf',181,'2016-01-01','Pop'),(827,'Yellow lights',178,'2015-11-01','Pop'),(828,'Mshumaa',182,'2019-11-08','Reggaeton'),(829,'Provocame',198,'2009-05-05','Electronic pop'),(830,'Dulce manzana',196,'2009-05-05','Electronic pop'),(831,'Lentamente',167,'2009-05-05','Electronic pop'),(832,'Dile',193,'2019-01-01','Reggaeton'),(833,'Radio',192,'2019-01-01','Electronic rock'),(834,'Chateau',225,'2019-01-01','Electronic'),(835,'Old me',188,'2019-01-01','Pop'),(836,'Boneshaker',189,'2019-01-01','hard rock'),(837,'Otras se pierden',187,'2018-01-01','Pop'),(838,'Acuerdate de mi',186,'2018-01-01','Pop'),(839,'Besos en guerra',179,'2018-01-01','Pop'),(840,'Cuando el amor se escapa',167,'2018-01-01','Pop'),(841,'No se va',189,'2018-01-01','Pop'),(842,'Mi vida entera',187,'2018-01-01','Pop'),(843,'Kill this love',189,'2019-01-01','Pop'),(844,'Friend',168,'2018-01-01','Pop'),(845,'Shadows',167,'2019-01-01','Pop'),(846,'Barbie girl',193,'2017-01-01','Pop'),(847,'Sin tu calor',183,'2017-01-01','Pop'),(848,'Burnout',335,'2017-01-01','Rock'),(849,'Shine',330,'2010-01-01','Rock'),(850,'Wasteland',254,'2018-01-01','Rock'),(851,'Defender',420,'2020-01-01','Metal'),(852,'In our wake',367,'2018-01-01','Hard rock'),(853,'Vibes',495,'2017-01-01','Pop'),(854,'The one you know',320,'2018-01-01','Metal'),(855,'Everything has changed',350,'2012-01-01','Pop'),(856,'Some kind of disaster',256,'2020-01-01','Pop punk'),(857,'The end is here',640,'2018-01-01','hard rock'),(858,'The mising man',181,'2018-01-01','Rock'),(859,'Stranger ways',334,'2014-01-01','Pop'),(860,'I dont want to miss a thing',308,'2020-01-01','Pop'),(861,'Radioactive',177,'2012-01-01','Pop rock'),(862,'Tiptoe',182,'2012-01-01','Pop rock'),(863,'Its time',184,'2012-01-01','Pop rock'),(864,'Demons',189,'2012-01-01','Pop rock'),(865,'On top of the world',202,'2012-01-01','Pop rock'),(866,'Amsterdam',192,'2012-01-01','Pop rock'),(867,'Hear me',183,'2012-01-01','Pop rock'),(868,'Maps',200,'2015-01-01','Pop'),(869,'Animals',203,'2015-01-01','Pop'),(870,'It was always you',176,'2015-01-01','Pop'),(871,'Unkiss me',224,'2015-01-01','Pop'),(872,'Sugar',176,'2015-01-01','Pop'),(873,'Leaving California',184,'2015-01-01','Pop'),(874,'I desappear',197,'2018-01-01','Metal'),(875,'react',186,'2020-01-01','Pop'),(876,'Sweet',179,'2017-01-01','Rock'),(877,'Rise',203,'2019-01-01','Metal sinfonico'),(878,'Un poco de amor',178,'2018-01-01','Ranchera'),(879,'Secuaz',198,'2019-01-01','Rock'),(880,'Te vas',178,'2018-01-01','Rock alternativo'),(881,'In vain',199,'2019-01-01','Rock'),(882,'Bota',244,'2013-01-01','Electronic'),(883,'Okay',178,'2019-01-01','Punk'),(884,'Set me free',185,'2020-01-01','Rock'),(885,'Another place',201,'2019-01-01','Pop'),(886,'Home',176,'2016-01-01','Pop'),(887,'Just your fool',224,'2016-01-01','Rock 80s'),(888,'Commint a crime',198,'2016-01-01','Rock 80s'),(889,'Blue and lonesome',196,'2016-01-01','Rock 80s'),(890,'All of your love',167,'2016-01-01','Rock 80s'),(891,'Adio',265,'2013-01-01','Pop'),(892,'A head full of dreams',124,'2015-01-01','Pop'),(893,'Birds',180,'2015-01-01','Pop'),(894,'Hymm for the weekend',198,'2015-01-01','Pop'),(895,'Everglow',168,'2015-01-01','Pop'),(896,'Adventure of a lifetime',189,'2015-01-01','Pop'),(897,'No ha parado de llover',198,'2019-01-01','Latin pop'),(898,'Pa ti pa mi na ma',225,'2019-01-01','Flamenco pop'),(899,'Lunes',267,'2019-01-01','Pop'),(900,'Te traere el horizonte',271,'2019-01-01','Hard rock'),(901,'Chacho',186,'2020-01-01','Pop'),(902,'The hype',189,'2019-01-01','Pop rock'),(903,'Chariots',178,'2015-01-01','Pop'),(904,'Lets go',193,'2001-01-01','Pop'),(905,'Go',187,'2019-01-01','Rock'),(906,'More today than yesterday',178,'2017-01-01','Pop'),(907,'Blue',189,'1998-01-01','Electronic'),(908,'Unexplained',192,'2017-01-01','Hard rock'),(909,'Oh yeah',198,'2020-01-01','Punk'),(910,'I shall overcome',224,'2008-01-01','Rock'),(911,'Get down tonight',200,'2018-01-01','Funk soul'),(912,'Amsterdan',228,'2018-01-01','Rock'),(913,'The fear',178,'2018-01-01','Indie rock'),(914,'Frosted Flakes',179,'2019-01-01','Hip hop'),(915,'Voy por ti',167,'2019-01-01','Pop'),(916,'Superposition',178,'2019-01-01','Indie rock'),(917,'Armour',187,'2018-01-01','Pop'),(918,'Breathe',178,'2019-01-01','Pop'),(919,'Black swan',189,'2020-01-01','trap'),(920,'Ludens',184,'2019-01-01','Rock'),(921,'The birdge',186,'2018-11-16','Pop rock'),(922,'Nobody',189,'2018-11-16','Pop rock'),(923,'Only Jesus',178,'2018-11-16','Pop rock'),(924,'In the hands of the Potter',193,'2018-11-16','Pop rock'),(925,'Even when you are running',187,'2018-11-16','Pop rock'),(926,'One awkward moment',186,'2018-11-16','Pop rock'),(927,'The gutter',179,'2019-01-01','Rock'),(928,'Election day',167,'2017-01-01','Hard rock'),(929,'Nodbody just like you',168,'2020-01-01','Hard rock'),(930,'Hola',189,'2018-01-01','Pop'),(931,'Sonreiras',198,'2019-01-01','Pop'),(932,'The club is alive',178,'2010-01-01','Funk'),(933,'Are you looking for action',179,'2017-01-01','Rock alternativo'),(934,'La bala',178,'2011-01-01','Rumba'),(935,'Dosis',198,'2019-01-01','Pop'),(936,'En esta no',225,'2016-01-01','Latin pop'),(937,'Dos besos despues',188,'2020-01-01','Pop'),(938,'Estoy contigo',189,'2017-01-01','Pop'),(939,'Fuego',178,'2019-01-01','Pop'),(940,'Notion',187,'2009-01-01','Rock'),(941,'Miercoles',186,'2019-01-01','Rock latino'),(942,'Ya no me duele',179,'2019-01-01','Pop'),(943,'The last time',167,'2019-01-01','Pop');
/*!40000 ALTER TABLE `tcancion` ENABLE KEYS */;
UNLOCK TABLES;

--
-- Table structure for table `tcanta`
--

DROP TABLE IF EXISTS `tcanta`;
/*!40101 SET @saved_cs_client     = @@character_set_client */;
/*!50503 SET character_set_client = utf8mb4 */;
CREATE TABLE `tcanta` (
  `CODCANTANTE` smallint NOT NULL,
  `CODCANCION` smallint NOT NULL,
  PRIMARY KEY (`CODCANTANTE`,`CODCANCION`),
  KEY `fk_tcanta_tcancion` (`CODCANCION`),
  CONSTRAINT `fk_tcanta_tcancion` FOREIGN KEY (`CODCANCION`) REFERENCES `tcancion` (`CODIGO`) ON DELETE RESTRICT ON UPDATE CASCADE,
  CONSTRAINT `fk_tcanta_tcantante` FOREIGN KEY (`CODCANTANTE`) REFERENCES `tcantante` (`CODIGO`) ON DELETE RESTRICT ON UPDATE CASCADE
) ENGINE=InnoDB DEFAULT CHARSET=utf8;
/*!40101 SET character_set_client = @saved_cs_client */;

--
-- Dumping data for table `tcanta`
--

LOCK TABLES `tcanta` WRITE;
/*!40000 ALTER TABLE `tcanta` DISABLE KEYS */;
INSERT INTO `tcanta` VALUES (0,0),(0,1),(156,2),(156,3),(156,4),(156,5),(156,6),(156,7),(156,8),(156,9),(156,10),(156,11),(156,12),(156,13),(157,14),(158,15),(158,16),(158,17),(158,18),(158,19),(158,20),(158,21),(158,22),(158,23),(158,24),(158,25),(31,26),(31,27),(31,28),(31,29),(31,30),(31,31),(31,32),(31,33),(31,34),(31,35),(31,36),(163,37),(164,38),(166,39),(166,40),(166,41),(166,42),(166,43),(166,44),(166,45),(166,46),(166,47),(166,48),(166,49),(166,50),(166,51),(168,52),(169,53),(170,54),(170,55),(171,56),(172,57),(172,58),(172,59),(172,60),(172,61),(172,62),(172,63),(172,64),(172,65),(172,66),(172,67),(172,68),(172,69),(173,70),(174,71),(1,72),(1,73),(1,74),(1,75),(1,76),(1,77),(1,78),(1,79),(1,80),(1,81),(1,82),(1,83),(1,84),(1,85),(1,86),(1,87),(1,88),(1,89),(1,90),(1,91),(1,92),(1,93),(1,94),(1,95),(1,96),(1,97),(1,98),(1,99),(1,100),(175,101),(176,102),(177,103),(178,104),(179,105),(180,106),(181,107),(181,108),(181,109),(181,110),(181,111),(181,112),(181,113),(181,114),(181,115),(181,116),(182,117),(183,118),(2,119),(2,120),(2,121),(2,122),(2,123),(2,124),(2,125),(2,126),(2,127),(2,128),(2,129),(2,130),(2,131),(2,132),(2,133),(2,134),(2,135),(2,136),(2,137),(3,138),(3,139),(3,140),(3,141),(3,142),(3,143),(3,144),(3,145),(3,146),(3,147),(3,148),(3,149),(3,150),(3,151),(3,152),(3,153),(3,154),(3,155),(3,156),(4,157),(4,158),(4,159),(4,160),(4,161),(4,162),(4,163),(4,164),(4,165),(4,166),(4,167),(4,168),(4,169),(4,170),(4,171),(4,172),(4,173),(4,174),(4,175),(4,176),(4,177),(5,178),(5,179),(5,180),(5,181),(5,182),(5,183),(5,184),(5,185),(5,186),(5,187),(5,188),(5,189),(5,190),(5,191),(5,192),(5,193),(5,194),(5,195),(5,196),(5,197),(5,198),(5,199),(5,200),(5,201),(5,202),(5,203),(5,204),(5,205),(5,206),(5,207),(5,208),(5,209),(5,210),(6,211),(6,212),(6,213),(6,214),(6,215),(6,216),(6,217),(6,218),(6,219),(6,220),(6,221),(6,222),(6,223),(6,224),(6,225),(6,226),(6,227),(6,228),(7,229),(7,230),(7,231),(7,232),(7,233),(7,234),(7,235),(7,236),(7,237),(7,238),(7,239),(7,240),(7,241),(7,242),(8,243),(8,244),(8,245),(8,246),(8,247),(8,248),(8,249),(8,250),(8,251),(8,252),(8,253),(8,254),(8,255),(8,256),(8,257),(8,258),(8,259),(8,260),(8,261),(8,262),(8,263),(9,264),(9,265),(9,266),(9,267),(9,268),(9,269),(9,270),(9,271),(9,272),(9,273),(9,274),(9,275),(9,276),(9,277),(9,278),(10,279),(10,280),(10,281),(10,282),(10,283),(10,284),(10,285),(10,286),(10,287),(10,288),(10,289),(10,290),(10,291),(10,292),(10,293),(10,294),(10,295),(10,296),(10,297),(10,298),(10,299),(10,300),(10,301),(10,302),(10,303),(10,304),(10,305),(11,306),(11,307),(11,308),(11,309),(11,310),(11,311),(11,312),(11,313),(11,314),(11,315),(11,316),(12,317),(12,318),(12,319),(12,320),(12,321),(12,322),(12,323),(12,324),(12,325),(12,326),(12,327),(12,328),(12,329),(12,330),(12,331),(12,332),(12,333),(12,334),(12,335),(12,336),(13,337),(13,338),(13,339),(13,340),(13,341),(13,342),(13,343),(13,344),(13,345),(13,346),(13,347),(13,348),(14,349),(14,350),(14,351),(14,352),(14,353),(14,354),(15,355),(15,356),(15,357),(15,358),(15,359),(15,360),(15,361),(15,362),(15,363),(15,364),(15,365),(15,366),(16,367),(16,368),(16,369),(16,370),(16,371),(16,372),(16,373),(16,374),(16,375),(16,376),(16,377),(17,378),(17,379),(17,380),(17,381),(17,382),(17,383),(17,384),(17,385),(17,386),(17,387),(17,388),(17,389),(17,390),(18,391),(18,392),(18,393),(18,394),(18,395),(18,396),(18,397),(18,398),(18,399),(18,400),(19,401),(19,402),(19,403),(19,404),(19,405),(19,406),(19,407),(19,408),(19,409),(19,410),(19,411),(20,412),(20,413),(21,414),(21,415),(21,416),(21,417),(22,418),(22,419),(23,420),(23,421),(23,422),(23,423),(24,424),(24,425),(24,426),(24,427),(24,428),(24,429),(24,430),(24,431),(24,432),(24,433),(25,434),(25,435),(25,436),(25,437),(25,438),(25,439),(25,440),(25,441),(25,442),(25,443),(25,444),(25,445),(26,446),(26,447),(26,448),(27,449),(27,450),(27,451),(28,452),(28,453),(29,454),(29,455),(30,456),(30,457),(32,458),(32,459),(32,460),(33,461),(33,462),(33,463),(33,464),(33,465),(33,466),(33,467),(33,468),(33,469),(33,470),(33,471),(33,472),(34,473),(35,474),(35,475),(35,476),(35,477),(35,478),(37,479),(37,480),(37,481),(37,482),(37,483),(37,484),(37,485),(37,486),(37,487),(38,488),(38,489),(38,490),(39,491),(40,492),(40,493),(40,494),(40,495),(40,496),(40,497),(40,498),(40,499),(40,500),(41,501),(41,502),(41,503),(42,504),(42,505),(42,506),(42,507),(42,508),(42,509),(43,510),(43,511),(43,512),(43,513),(44,514),(45,515),(45,516),(45,517),(46,518),(46,519),(47,520),(47,521),(48,522),(48,523),(48,524),(49,525),(49,526),(50,527),(51,528),(51,529),(51,530),(52,531),(53,532),(53,533),(53,534),(53,535),(53,536),(53,537),(54,538),(54,539),(54,540),(55,541),(56,542),(56,543),(56,544),(57,545),(57,546),(57,547),(58,548),(58,549),(58,550),(59,551),(59,552),(59,553),(60,554),(60,555),(60,556),(61,557),(62,558),(62,559),(62,560),(62,561),(63,562),(63,563),(63,564),(64,565),(64,566),(64,567),(65,568),(65,569),(65,570),(66,571),(66,572),(66,573),(67,574),(67,575),(67,576),(67,577),(68,578),(68,579),(68,580),(69,581),(70,582),(70,583),(70,584),(71,585),(72,586),(72,587),(72,588),(72,589),(73,590),(74,591),(74,592),(74,593),(74,594),(75,595),(75,596),(75,597),(75,598),(76,599),(76,600),(76,601),(76,602),(77,603),(78,604),(78,605),(78,606),(78,607),(79,608),(79,609),(79,610),(79,611),(80,612),(80,613),(80,614),(81,615),(81,616),(81,617),(81,618),(81,619),(82,620),(82,621),(82,622),(82,623),(83,624),(83,625),(83,626),(84,627),(84,628),(84,629),(84,630),(85,631),(85,632),(86,633),(86,634),(86,635),(86,636),(87,637),(87,638),(87,639),(87,640),(87,641),(88,642),(88,643),(88,644),(89,645),(89,646),(89,647),(89,648),(90,649),(90,650),(90,651),(91,652),(91,653),(91,654),(91,655),(92,656),(93,657),(93,658),(93,659),(93,660),(94,661),(95,662),(95,663),(95,664),(96,665),(96,666),(96,667),(96,668),(97,669),(97,670),(97,671),(97,672),(98,673),(98,674),(98,675),(98,676),(99,677),(99,678),(99,679),(99,680),(100,681),(100,682),(100,683),(100,684),(101,685),(101,686),(101,687),(102,688),(103,689),(103,690),(103,691),(104,692),(105,693),(105,694),(105,695),(106,696),(106,697),(106,698),(107,699),(107,700),(107,701),(107,702),(108,703),(109,704),(109,705),(109,706),(109,707),(110,708),(111,709),(112,710),(112,711),(112,712),(112,713),(112,714),(113,715),(114,716),(114,717),(114,718),(115,719),(116,720),(116,721),(116,722),(116,723),(117,724),(117,725),(117,726),(118,727),(118,728),(118,729),(118,730),(119,731),(120,732),(120,733),(120,734),(121,735),(122,736),(122,737),(122,738),(122,739),(123,740),(124,741),(124,742),(124,743),(124,744),(124,745),(125,746),(126,747),(126,748),(126,749),(127,750),(127,751),(127,752),(127,753),(128,754),(128,755),(128,756),(129,757),(130,758),(130,759),(130,760),(130,761),(131,762),(131,763),(131,764),(132,765),(132,766),(132,767),(132,768),(133,769),(133,770),(133,771),(133,772),(133,773),(134,774),(134,775),(134,776),(134,777),(135,778),(136,779),(137,780),(137,781),(137,782),(137,783),(138,784),(138,785),(138,786),(138,787),(138,788),(139,789),(139,790),(139,791),(140,792),(140,793),(140,794),(140,795),(140,796),(141,797),(142,798),(143,799),(143,800),(143,801),(143,802),(144,803),(144,804),(144,805),(144,806),(145,807),(146,808),(147,809),(147,810),(147,811),(147,812),(148,813),(149,814),(149,815),(149,816),(150,817),(150,818),(150,819),(150,820),(151,821),(152,822),(152,823),(152,824),(152,825),(153,826),(154,827),(155,828),(163,829),(163,830),(163,831),(36,832);
/*!40000 ALTER TABLE `tcanta` ENABLE KEYS */;
UNLOCK TABLES;

--
-- Table structure for table `tcantante`
--

DROP TABLE IF EXISTS `tcantante`;
/*!40101 SET @saved_cs_client     = @@character_set_client */;
/*!50503 SET character_set_client = utf8mb4 */;
CREATE TABLE `tcantante` (
  `CODIGO` smallint NOT NULL,
  `NOMBRE` char(25) NOT NULL,
  `APE1` char(19) NOT NULL,
  `APE2` char(19) DEFAULT NULL,
  `NOM_ARTISTICO` char(20) DEFAULT NULL,
  `NACIMIENTO` date NOT NULL,
  `NACIONALIDAD` char(15) NOT NULL,
  `TIPO_VOZ` char(20) NOT NULL,
  `NOMBREDISCOGRAFICA` char(24) NOT NULL,
  PRIMARY KEY (`CODIGO`),
  KEY `fk_tcantante_tdiscografica` (`NOMBREDISCOGRAFICA`),
  CONSTRAINT `fk_tcantante_tdiscografica` FOREIGN KEY (`NOMBREDISCOGRAFICA`) REFERENCES `tdiscografica` (`NOMBRE`) ON DELETE RESTRICT ON UPDATE CASCADE
) ENGINE=InnoDB DEFAULT CHARSET=utf8;
/*!40101 SET character_set_client = @saved_cs_client */;

--
-- Dumping data for table `tcantante`
--

LOCK TABLES `tcantante` WRITE;
/*!40000 ALTER TABLE `tcantante` DISABLE KEYS */;
INSERT INTO `tcantante` VALUES (0,'Joy','Olasunmibo','Ogunmakin','Ayo','1980-08-14','ALEMANIA','Alto','UNIVERSAL MUSIC GROUP'),(1,'Anis','Mohamed','Youssed','Bushido','1978-09-28','ALEMANIA','Tenor','UNIVERSAL MUSIC GROUP'),(2,'Valeria','Gastaldi','Canton','NULL','1981-12-05','ARGENTINA','Alto','UNIVERSAL MUSIC GROUP'),(3,'Santiago','Moreno','Charpentier','Chano','1981-09-23','ARGENTINA','Tenor','UNIVERSAL MUSIC GROUP'),(4,'Martina','Stoessel','NULL','Tini','1997-03-12','ARGENTINA','Mezzosoprano','UNIVERSAL MUSIC GROUP'),(5,'Raul Alberto','Antonio','Gieco','Leon Gieco','1951-09-20','ARGENTINA','Tenor','UNIVERSAL MUSIC GROUP'),(6,'Luciano','Ariel','Pereyra','NULL','1981-09-21','ARGENTINA','Tenor','UNIVERSAL MUSIC GROUP'),(7,'Roberto Fidel','Ernesto','Sorokin','Coti','1973-06-14','ARGENTINA','Tenor ligero','UNIVERSAL MUSIC GROUP'),(8,'Bernard','Joseph','Fanning','NULL','1969-08-15','AUSTRALIA','Tenor','UNIVERSAL MUSIC GROUP'),(9,'Amesthyst','Amelia','Kelly','Iggy Azalea','1990-06-07','AUSTRALIA','Alto','UNIVERSAL MUSIC GROUP'),(10,'Robyn','Rihanna','Fenty','Rihanna','1988-02-20','BARBAOS','Mezzosoprano','UNIVERSAL MUSIC GROUP'),(11,'Alessia','Cara','NULL','Alessia','1996-06-11','CANADA','Alto','UNIVERSAL MUSIC GROUP'),(12,'Bryan','Guy','Adams','NULL','1959-11-05','CANADA','Tenor dramatico','UNIVERSAL MUSIC GROUP'),(13,'Aubrey','Drake','Graham','Drake','1986-08-24','CANADA','Baritono','UNIVERSAL MUSIC GROUP'),(14,'Diana','Jean','Krall','NULL','1964-11-16','CANADA','Contralto','UNIVERSAL MUSIC GROUP'),(15,'Justin','Drew','Bieber','Justin Bieber','1994-03-01','CANADA','Tenor','UNIVERSAL MUSIC GROUP'),(16,'Mylene','Jeanne','Gautier','NULL','1961-09-12','CANADA','Mezzosoprano','UNIVERSAL MUSIC GROUP'),(17,'Nelly','Kim','Furtado','Furtado','1978-12-02','CANADA','Mezzosoprano','UNIVERSAL MUSIC GROUP'),(18,'Shawn Peter','Raul','Mendes','Shawn Mendes','1998-08-08','CANADA','Tenor','UNIVERSAL MUSIC GROUP'),(19,'Norma Monserrat','Bustamante','Laferte','Mon Laferte','1983-05-02','CHILE','Soprano','UNIVERSAL MUSIC GROUP'),(20,'Myriam Raquel','Hernandez','Navarro','NULL','1965-05-02','CHILE','Mezzosoprano','UNIVERSAL MUSIC GROUP'),(21,'Denise','Rosenthal','NULL','NULL','1990-11-08','CHILE','Alto','UNIVERSAL MUSIC GROUP'),(22,'Camila Anastasia','Gallardo','Montalva','Cami','1996-11-02','CHILE','Mezzosoprano','UNIVERSAL MUSIC GROUP'),(23,'Sebastian','Obando','Giraldo','Sebastian Yatra','1994-10-15','COLOMBIA','Baritono','UNIVERSAL MUSIC GROUP'),(24,'Jose Alvaro','Osorio','Balvin','J Balvil','1985-05-07','COLOMBIA','Baritono','UNIVERSAL MUSIC GROUP'),(25,'Juan Esteban','Aristazabal','Vasquez','Juanes','1972-08-09','COLOMBIA','Tenor','UNIVERSAL MUSIC GROUP'),(26,'Andres Eduardo','Parra','Herrera','Andres Parra','1992-06-14','COLOMBIA','Tenor','UNIVERSAL MUSIC GROUP'),(27,'Nataly','Rivera','NULL','Naela','1990-07-17','COLOMBIA','Alto','UNIVERSAL MUSIC GROUP'),(28,'Deborah','Nowalski','Kader','Debi Nova','1980-08-06','COSTA RICA','Mezzosoprano','UNIVERSAL MUSIC GROUP'),(29,'Maria','Louse','Joaensen','Aura Dione','1985-01-21','DINAMARCA','Mezzosoprano','UNIVERSAL MUSIC GROUP'),(30,'Agoney','Hernandez','Morales','Agoney','1995-10-18','ESPANA','Contratenor','UNIVERSAL MUSIC GROUP'),(31,'Aihnoa','Arteta','Ibarrolaburu','NULL','1964-09-24','ESPANA','Soprano','UNIVERSAL MUSIC GROUP'),(32,'Aitana','Ocana','Morales','Aitana','1999-06-27','ESPANA','Soprano','UNIVERSAL MUSIC GROUP'),(33,'Alejandro','Sanchez','Pizarro','Alejandro Sanz','1968-12-18','ESPANA','Tenor','UNIVERSAL MUSIC GROUP'),(34,'Ana Alicia','Guerra','Morales','Ana Guerra','1994-02-18','ESPANA','Mezzosoprano','UNIVERSAL MUSIC GROUP'),(35,'Antonio','Carmona','Amaya','Antonio Carmona','1965-05-21','ESPANA','Baritono','UNIVERSAL MUSIC GROUP'),(36,'Antonio Jose','Sanchez','Mazuecos','Antonio Jose','1995-01-02','ESPANA','Tenor','UNIVERSAL MUSIC GROUP'),(37,'Antonio Jose','Orozco','Ferron','Antonio Orozco','1972-11-23','ESPANA','Baritono','UNIVERSAL MUSIC GROUP'),(38,'Barbara','Reyzabal','Gonzalez-Aller','Barei','1982-03-29','ESPANA','Mezzosoprano','UNIVERSAL MUSIC GROUP'),(39,'Luis','Cepeda','Fernandez','Cepeda','1989-08-26','ESPANA','Tenor','UNIVERSAL MUSIC GROUP'),(40,'Maria Laura','Corradini','Falomir','Chenoa','1975-06-25','ESPANA','Contralto','UNIVERSAL MUSIC GROUP'),(41,'Clara','Montes','Gamir','Clara Montes','1968-05-23','ESPANA','Mezzosoprano','UNIVERSAL MUSIC GROUP'),(42,'David','Bisbal','Ferre','David Bisbal','1979-06-05','ESPANA','Tenor lirico','UNIVERSAL MUSIC GROUP'),(43,'David','Bustamante','Hoyo','David Bustamante','1982-03-25','ESPANA','Tenor ligero','UNIVERSAL MUSIC GROUP'),(44,'Gisela','Llado','Canovas','Gisela','1979-01-01','ESPANA','Alto','UNIVERSAL MUSIC GROUP'),(45,'Maria Isabel','Pantoja','Martin','Isabel Pantoja','1956-08-02','ESPANA','Mezzosoprano','UNIVERSAL MUSIC GROUP'),(46,'Ismael','Serrano','Moron','Isamael Serrano','1974-03-09','ESPANA','Tenor','UNIVERSAL MUSIC GROUP'),(47,'Javier','Estrada','NULL','NULL','1976-08-06','ESPANA','Tenor','UNIVERSAL MUSIC GROUP'),(48,'Jose Luis','Perales','Morillas','NULL','1945-01-18','ESPANA','Baritono','UNIVERSAL MUSIC GROUP'),(49,'Jose','Velzaques','Jimenez','Jose Velez','1951-11-19','ESPANA','Tenor','UNIVERSAL MUSIC GROUP'),(50,'Juan Manuel','Magan','Gonzalez','Juan Magan','1978-11-30','ESPANA','Tenor','UNIVERSAL MUSIC GROUP'),(51,'Maria','Rodriguez','Garrido','Mala Rodriguez','1979-02-13','ESPANA','Mezzosoprano','UNIVERSAL MUSIC GROUP'),(52,'Mikel','Cabello','Negrin','Maikel Delacalle','1994-09-16','ESPANA','Tenor','UNIVERSAL MUSIC GROUP'),(53,'Manuel','Carrasco','Galloso','Manuel Carrasco','1981-01-15','ESPANA','Tenor','UNIVERSAL MUSIC GROUP'),(54,'Maria Isabel','Lopez','Rodriguez','Maria Isabel','1995-01-04','ESPANA','Mezzosoprano','UNIVERSAL MUSIC GROUP'),(55,'Mario','Alvarez','Fernandez','Mario Alvarez','1985-11-19','ESPANA','Tenor','UNIVERSAL MUSIC GROUP'),(56,'Marta','Sanchz','Lopez','Marta Sanchez','1966-05-08','ESPANA','Mezzosoprano','UNIVERSAL MUSIC GROUP'),(57,'Mercedes','Trujillo','Callealta','Merche','1974-06-14','ESPANA','Mezzosoprano','UNIVERSAL MUSIC GROUP'),(58,'Miguel Angel','Poveda','Leon','Miguel Poveda','1973-02-13','ESPANA','Tenor','UNIVERSAL MUSIC GROUP'),(59,'Miguel','Rios','Camapana','Miguel Rios','1944-06-07','ESPANA','Baritono','UNIVERSAL MUSIC GROUP'),(60,'Ignacio','Joseph','Fornes','Nach','1974-10-01','ESPANA','Tenor','UNIVERSAL MUSIC GROUP'),(61,'Nuria','Fernandez','Gomez','Nuria Fergo','1979-04-18','ESPANA','Alto','UNIVERSAL MUSIC GROUP'),(62,'Pablo Jose','Lopez','Jimenez','Pablo Lopez','1984-03-11','ESPANA','Tenor','UNIVERSAL MUSIC GROUP'),(63,'Antonio Manuel','Alvarez','Velez','Pitingo','1980-11-06','ESPANA','Baritono','UNIVERSAL MUSIC GROUP'),(64,'Miguel Rafael','Martos','Sanchez','Raphael','1943-05-05','ESPANA','Baritono ligero','UNIVERSAL MUSIC GROUP'),(65,'Rosa Maia','Lopez','Cortes','Rosa Lopez','1981-01-14','ESPANA','Mezzosoprano lirica','UNIVERSAL MUSIC GROUP'),(66,'Rosario del Carmen','Gonzalez','Flores','Rosario','1963-11-04','ESPANA','Mezzosoprano','UNIVERSAL MUSIC GROUP'),(67,'Josep Sergi','Capdevila','Querol','Sergio Dalma','1964-09-28','ESPANA','Tenor','UNIVERSAL MUSIC GROUP'),(68,'Jesus','Segovia','Perez','Xuso Jones','1989-06-16','ESPANA','Tenor','UNIVERSAL MUSIC GROUP'),(69,'Ashlee','Nicole','Naess','Ashle Simpson','1984-10-03','ESPANA','Alto','UNIVERSAL MUSIC GROUP'),(70,'Aliaune Damala','Badara','Akon Thiam','Akon','1973-04-16','EEUU','Tenor lirico','UNIVERSAL MUSIC GROUP'),(71,'Anita','Denise','Baker','Anita Baker','1958-01-26','EEUU','Contralto','UNIVERSAL MUSIC GROUP'),(72,'Ariana','Grande','Butera','Ariana Grande','1993-06-26','EEUU','Soprano','UNIVERSAL MUSIC GROUP'),(73,'Austin','Carter','Mahone','Austin Mahone','1996-04-04','EEUU','Tenor','UNIVERSAL MUSIC GROUP'),(74,'Azealia','Amanda','Banks','Azealia Banks','1991-05-31','EEUU','Contralto','UNIVERSAL MUSIC GROUP'),(75,'Brandy','Rayana','Norwood','Brandy','1979-02-11','EEUU','Contralto','UNIVERSAL MUSIC GROUP'),(76,'Cassade','Blake','Pope','NULL','1989-08-28','EEUU','Soprano','UNIVERSAL MUSIC GROUP'),(77,'Cassandra','Elizabeth','Ventura','Cassie','1986-08-26','EEUU','Mezzosoprano','UNIVERSAL MUSIC GROUP'),(78,'Lonnie','Rashid','Lynn','Common','1972-03-13','EEUU','Tenor','UNIVERSAL MUSIC GROUP'),(79,'Colbie','Marie','Caillat','Colbie Caillat','1985-05-28','EEUU','Contralto','UNIVERSAL MUSIC GROUP'),(80,'Demetria','Devonner','Lovato','Demi Lovato','1992-08-20','EEUU','Soprano','UNIVERSAL MUSIC GROUP'),(81,'Marshall','Bruce','Mather','Eminem','1972-10-17','EEUU','Tenor','UNIVERSAL MUSIC GROUP'),(82,'Katheryn','Elizabeth','Hudson','Katy Perry','1984-10-25','EEUU','Contralto','UNIVERSAL MUSIC GROUP'),(83,'Scott','Ramon','Seguro','Kid Cudi','1984-01-30','EEUU','Tenor','UNIVERSAL MUSIC GROUP'),(84,'Stefani','Joanne','Sngelina','Lady Gaga','1986-03-28','EEUU','Contralto','UNIVERSAL MUSIC GROUP'),(85,'Elizabeth','Woolridge','Grant','Lana Del Rey','1985-06-21','EEUU','Contralto','UNIVERSAL MUSIC GROUP'),(86,'Madonna','Louise','Veronica','Madonna','1958-08-16','EEUU','Mezzosoprano','UNIVERSAL MUSIC GROUP'),(87,'Mariah','Carey','NULL','NULL','1969-03-27','EEUU','Soprano','UNIVERSAL MUSIC GROUP'),(88,'Onika','Tanya','Maraj','Nicki Minaj','1982-12-08','EEUU','Mezzosoprano','UNIVERSAL MUSIC GROUP'),(89,'Nicholas','Jerry','Jonas','Nick Jonas','1992-09-16','EEUU','Tenor','UNIVERSAL MUSIC GROUP'),(90,'Selena','Marie','Gomez','Selena Gomez','1992-06-22','EEUU','Mezzosoprano','UNIVERSAL MUSIC GROUP'),(91,'Taylor','Alison','Swift','Taylor Swift','1989-12-13','EEUU','Mezzosoprano','UNIVERSAL MUSIC GROUP'),(92,'Alan','Tanm','Wing-lun','Alan Tam','1950-08-23','CHINA','Tenor','UNIVERSAL MUSIC GROUP'),(93,'Bjork','Goumundsdottir','NULL','Bjork','1965-11-21','ISLANDIA','Soprano','UNIVERSAL MUSIC GROUP'),(94,'Andrea','Bocelli','NULL','NULL','1958-09-22','ITALIA','Tenor lirico','UNIVERSAL MUSIC GROUP'),(95,'Michele','Salvemini','NULL','Caparezza','1973-10-09','ITALIA','Tenor','UNIVERSAL MUSIC GROUP'),(96,'Eros Luciano','Walter','Ramazzotti Molina','Eros Ramazzotti','1963-08-28','ITALIA','Tenor','UNIVERSAL MUSIC GROUP'),(97,'Gabriela','Alejandra','Guzman','NULL','1968-02-09','MEXICO','Contralto','UNIVERSAL MUSIC GROUP'),(98,'Alejandro','Fernandez','Abarca','NULL','1971-04-24','MEXICO','Tenor','UNIVERSAL MUSIC GROUP'),(99,'Martha Alicia','Villareal','Esparza','Alicia Villareal','1971-08-31','MEXICO','Soprano','UNIVERSAL MUSIC GROUP'),(100,'Jorge','Blanco','Guerena','Jorge Blanco','1991-12-19','MEXICO','Tenor','UNIVERSAL MUSIC GROUP'),(101,'Lucero','Hogaza','Leon','Lucero','1969-08-29','MEXICO','Mezzosoprano','UNIVERSAL MUSIC GROUP'),(102,'Marco Antonio','Solis','Sosa','NULL','1959-12-29','MEXICO','Tenor','UNIVERSAL MUSIC GROUP'),(103,'Paulina','Susana','Rubio','Paulina Rubio','1971-06-17','MEXICO','Mezzosoprano','UNIVERSAL MUSIC GROUP'),(104,'Alexander','Igoryevich','Rybak','Alexander Rybak','1986-05-13','NORUEGA','Tenor lirico','UNIVERSAL MUSIC GROUP'),(105,'Ilse','Annoeska','de Lange','Ilse DeLange','1977-05-13','PAISES BAJOS','Mezzosoprano','UNIVERSAL MUSIC GROUP'),(106,'Ana Claudi','Moura','Pereira','Ana Moura','1979-09-17','PORTUGAL','Contralto','UNIVERSAL MUSIC GROUP'),(107,'Carlos Alberto','Do Carmo','Almeida','Carlos do Carmo','1939-12-21','PORTUGAL','Baritono','UNIVERSAL MUSIC GROUP'),(108,'Luisa Maria','Vilar','Braamcamp Sobral','Luisa Sobral','1987-09-18','PORTUGAL','Soprano','UNIVERSAL MUSIC GROUP'),(109,'Ana','Isabelle','Acevedo','Ana Isabelle','1986-04-11','PUERTO RICO','Alto','UNIVERSAL MUSIC GROUP'),(110,'William Omar','Landron','Rivera','Don Omar','1978-02-10','PUERTO RICO','Baritono','UNIVERSAL MUSIC GROUP'),(111,'Luis Alfonso','Rodriguez','Lopez-Cepero','Luis Fonsi','1978-04-15','PUERTO RICO','Tenor','UNIVERSAL MUSIC GROUP'),(112,'Ramon Luis','Ayala','Rodriguez','Daddy Yankee','1977-02-03','PUERTO RICO','Tenor','UNIVERSAL MUSIC GROUP'),(113,'Alexander','George','Claire','Alex Clare','1985-06-14','REINO UNIDO','Baritono ligero','UNIVERSAL MUSIC GROUP'),(114,'Amy','Jade','Winhouse','NULL','1983-09-14','REINO UNIDO','Contralto','UNIVERSAL MUSIC GROUP'),(115,'Cheryl','Annoeska','Tweedy','Cheryl','1983-06-30','REINO UNIDO','Mezzosoprano','UNIVERSAL MUSIC GROUP'),(116,'Jessica','Ellen','Cornish','Jessie J','1988-03-27','REINO UNIDO','Mezzosoprano','UNIVERSAL MUSIC GROUP'),(117,'David','Gray','NULL','NULL','1968-06-13','REINO UNIDO','Tenor','UNIVERSAL MUSIC GROUP'),(118,'Mabel','Alabama','Pearl McVey','Mabel','1996-02-20','ESPANA','Mezzosoprano','UNIVERSAL MUSIC GROUP'),(119,'Agnes','Emilia','Carlosson','Agnes','1988-03-06','SUECIA','Soprano','UNIVERSAL MUSIC GROUP'),(120,'Ebba Tove','Elsa','Nilsson','Tove Lo','1987-10-29','SUECIA','Soprano lirica','UNIVERSAL MUSIC GROUP'),(121,'Miguel Ignacio','endoza','Donatti','Nacho','1983-08-22','VENEZUELA','Contratenor','UNIVERSAL MUSIC GROUP'),(122,'Franco','Atilio de vita','De vito','Franco De Vita','1954-01-23','VENEZUELA','Tenor','UNIVERSAL MUSIC GROUP'),(123,'Eleonora Gabriela','Pons','Maronese','Lele Pons','1996-06-25','VENEZUELA','Soprano','UNIVERSAL MUSIC GROUP'),(124,'Maria Vanesa','Martin','Mata','Vanesa Martin','1980-11-14','ESPANA','Contralto','WARNER MUSIC GROUP'),(125,'Paulo Ezequiel','Londra','Farias','Paulo Londra','1998-04-12','ARGENTINA','Tenor','WARNER MUSIC GROUP'),(126,'Eithne','Ni','Bhraonain','Enya','1961-05-17','IRLANDA','Mezzosoprano','WARNER MUSIC GROUP'),(127,'Luis Miguel','Gallego','Basteri','Luis Miguel','1970-04-19','MEXICO','Tenor','WARNER MUSIC GROUP'),(128,'Luis Alberto','Cuevas','Olmedo','Beto Cuevas','1967-09-12','CHILE','Tenor','WARNER MUSIC GROUP'),(129,'Claudio Ignacio','Montano','Ceura','DrefQuila','1997-11-13','CHILE','Baritono','WARNER MUSIC GROUP'),(130,'Laura','Pausini','NULL','Laura Pausini','1974-05-16','ITALIA','Soprano','WARNER MUSIC GROUP'),(131,'Kylie','Annoeska','Minogue','Kylie Minogue','1968-05-28','AUSTRALIA','Soprano ligera','WARNER MUSIC GROUP'),(132,'Jason','Joel','Desrouleaux','Jason Derulo','1989-09-21','EEUU','Tenor','WARNER MUSIC GROUP'),(133,'Paul','Alain','Leclerc','Julien Clerc','1947-10-04','FRANCIA','Tenor','WARNER MUSIC GROUP'),(134,'Rafael','Castillo','NULL','De La Ghetto','1984-09-14','EEUU','Tenor','WARNER MUSIC GROUP'),(135,'Mauro','Roman','Monzon','Lit Killah','1999-10-04','ARGENTINA','Tenor','WARNER MUSIC GROUP'),(136,'Blas','Canto','Moreno','Blas Canto','1991-10-26','ESPANA','Contratenor','WARNER MUSIC GROUP'),(137,'Dua','Lipa','NULL','Dua Lipa','1995-08-22','REINO UNIDO','Contralto','WARNER MUSIC GROUP'),(138,'Edward','Christopher','Sheeran','Ed Sheeran','1991-02-17','REINO UNIDO','Tenor','WARNER MUSIC GROUP'),(139,'Jose Fernando','Cosculluela','Suarez','Cosculluela','1980-10-15','PUERTO RICO','Baritono','WARNER MUSIC GROUP'),(140,'Maite','Perroni','NULL','Maite Perroni','1983-03-09','MEXICO','Mezzosoprano','WARNER MUSIC GROUP'),(141,'Pablo','Moreno de Alboran','Ferrandiz','Pablo Alboran','1989-05-31','ESPANA','Tenor ligero','WARNER MUSIC GROUP'),(142,'Andres Felipe','Robledo','Londono','Reykon','1986-12-12','COLOMBIA','Tenor','WARNER MUSIC GROUP'),(143,'Justin Rafael','Quiles','Rivera','Justin Quiles','1990-03-29','PUERTO RICO','Tenor','WARNER MUSIC GROUP'),(144,'John','Anthony','Frusciante','John Frusciante','1970-03-05','EEUU','Contratenor','WARNER MUSIC GROUP'),(145,'Li Lykke Timotej','Svensson','Zachrisson','Lykke Li','1986-03-19','SUECIA','Soprano','WARNER MUSIC GROUP'),(146,'Charles','Otto','Puth Jr','Charlie Puth','1991-12-02','EEUU','Tenor','WARNER MUSIC GROUP'),(147,'Sia Kate','Isobelle','Furler','Sia','1975-12-18','AUSTRALIA','Mezzosoprano','WARNER MUSIC GROUP'),(148,'Bleto','Rexha','NULL','Bebe Rexha','1989-08-30','EEUU','Soprano','WARNER MUSIC GROUP'),(149,'Jorge Abner','Drexler','Prada','Jorge Drexler','1964-09-21','URUGUAY','Tenor','WARNER MUSIC GROUP'),(150,'James','Hillier','Blount','James Blunt','1974-02-22','REINO UNIDO','Tenor','WARNER MUSIC GROUP'),(151,'Natalia Marisa','Oreiro','Iglesias','Natalia Oreiro','1977-05-19','URUGUAY','Soprano','WARNER MUSIC GROUP'),(152,'Jennifer','Diane','Lewis','Jenny Lewis','1976-01-08','EEUU','Soprano','WARNER MUSIC GROUP'),(153,'Florent','Mothe','NULL','Florent Mothe','1981-05-13','FRANCIA','Tenor','WARNER MUSIC GROUP'),(154,'Jacob','Harris','Miller','Jake Miller','1992-11-28','EEUU','Tenor','WARNER MUSIC GROUP'),(155,'Ali','Selah','Kiba','Alikiba','1986-11-29','TANZANIA','Tenor','SONY MUSIC ENTERTAINMENT'),(156,'Anastacia','Lyn','Newkirk','Anastacia','1968-09-17','EEUU','Soprano','SONY MUSIC ENTERTAINMENT'),(157,'Antonios','Paschalidis','NULL','Antonis Remos','1970-06-19','GRECIA','Tenor','SONY MUSIC ENTERTAINMENT'),(158,'Barbara','Joanne','Streisand','Barbara Streisand','1942-04-24','EEUU','Soprano','SONY MUSIC ENTERTAINMENT'),(159,'Christopher','Adam','Daughtry','Daughtry','1979-12-26','EEUU','Contratenor','SONY MUSIC ENTERTAINMENT'),(160,'Eli','James','Mattson','Eli Mattson','1981-11-04','EEUU','Tenor','SONY MUSIC ENTERTAINMENT'),(161,'Eva','Gougeon','Avila','Eva Avila','1987-02-25','CANADA','Mezzosoprano','SONY MUSIC ENTERTAINMENT'),(162,'Maria Fernanda','Blazquez','Gil','Fey','1973-06-21','MEXICO','Soprano','SONY MUSIC ENTERTAINMENT'),(163,'Frans','Jeppsson','Wall','NULL','1998-12-19','SUECIA','Tenor','SONY MUSIC ENTERTAINMENT'),(164,'Harris','Jayaraj','NULL','NULL','1975-02-08','INDIA','Tenor','SONY MUSIC ENTERTAINMENT'),(165,'Heather','Elizabeth','Morris','Heather Morris','1987-02-01','EEUU','Soprano','SONY MUSIC ENTERTAINMENT'),(166,'Jack','Owen','Ingram','Jack Ingram','1970-11-15','EEUU','Tenor','SONY MUSIC ENTERTAINMENT'),(167,'Jacqueline','Marie','Evancho','Jackie Evancho','2000-04-09','EEUU','Soprano','SONY MUSIC ENTERTAINMENT'),(168,'Jennifer','Lynn','Lopez','Jennifer Lopez','1969-06-24','EEUU','Mezzosoprano lirica','SONY MUSIC ENTERTAINMENT'),(169,'Kelly de Almeida','Afonso','Freitas','Kelly Key','1983-03-03','BRASIL','Soprano','SONY MUSIC ENTERTAINMENT'),(170,'Savas','Yurderi','NULL','Kool Savas','1975-02-10','ALEMANIA','Tenor','SONY MUSIC ENTERTAINMENT'),(171,'Kyrre','Gorvell','Dahil','Kygo','1991-09-11','NORUEGA','Tenor','SONY MUSIC ENTERTAINMENT'),(172,'Lecrae','Devaughn','Moore','Lecrae','1979-10-09','EEUU','Contratenor','SONY MUSIC ENTERTAINMENT'),(173,'Leonardo','Jaime','NULL','Leo Jaime','1963-04-23','BRASIL','Tenor','SONY MUSIC ENTERTAINMENT'),(174,'Luis Mauricio','Pragana','Dos Santos','Lulu Santos','1953-05-04','BRASIL','Tenor','SONY MUSIC ENTERTAINMENT'),(175,'Maria Lucia','Sanchez','Benitez','Malu','1982-03-15','ESPANA','Mezzosoprano','SONY MUSIC ENTERTAINMENT'),(176,'Marco Antonio','Muniz','NULL','Marc Anthony','1968-09-16','EEUU','Tenor','SONY MUSIC ENTERTAINMENT'),(177,'Miley','Ray','Cyrus','Miley Cyrus','1992-11-23','EEUU','Mezzosoprano','SONY MUSIC ENTERTAINMENT'),(178,'Michael','Holbrook','Peniman','Mika','1983-08-18','REINO UNIDO','Contratenor','SONY MUSIC ENTERTAINMENT'),(179,'Nick','Rivera','Caminero','Nicky Jam','1981-03-17','EEUU','Baritono ligero','UNIVERSAL MUSIC GROUP'),(180,'Veronica','Scopelliti','NULL','Noemi','1982-01-25','ITALIA','Contralto','SONY MUSIC ENTERTAINMENT'),(181,'Paul','Frederic','Simon','Paul Simon','1941-10-13','EEUU','Tenor','SONY MUSIC ENTERTAINMENT'),(182,'Armando','Christian','Perez','Pitbull','1981-01-15','EEUU','Bajo','SONY MUSIC ENTERTAINMENT'),(183,'Shakira Isabel','Mebarak','Ripol','Shakira','1977-02-02','COLOMBIA','Contralto','SONY MUSIC ENTERTAINMENT'),(184,'Travis','Tatum','Mills','Travis Mills','1989-04-12','EEUU','Tenor','SONY MUSIC ENTERTAINMENT');
/*!40000 ALTER TABLE `tcantante` ENABLE KEYS */;
UNLOCK TABLES;

--
-- Table structure for table `tcomponente`
--

DROP TABLE IF EXISTS `tcomponente`;
/*!40101 SET @saved_cs_client     = @@character_set_client */;
/*!50503 SET character_set_client = utf8mb4 */;
CREATE TABLE `tcomponente` (
  `CODIGO` smallint NOT NULL,
  `NOMBRE` char(25) NOT NULL,
  `APE1` char(19) NOT NULL,
  `APE2` char(19) DEFAULT NULL,
  `NACIMIENTO` date DEFAULT NULL,
  `NACION` char(15) NOT NULL,
  `CODGRUPO` smallint NOT NULL,
  PRIMARY KEY (`CODIGO`),
  KEY `fk_tcomponente_tgrupo` (`CODGRUPO`),
  CONSTRAINT `fk_tcomponente_tgrupo` FOREIGN KEY (`CODGRUPO`) REFERENCES `tgrupo` (`CODIGO`) ON DELETE RESTRICT ON UPDATE CASCADE
) ENGINE=InnoDB DEFAULT CHARSET=utf8;
/*!40101 SET character_set_client = @saved_cs_client */;

--
-- Dumping data for table `tcomponente`
--

LOCK TABLES `tcomponente` WRITE;
/*!40000 ALTER TABLE `tcomponente` DISABLE KEYS */;
INSERT INTO `tcomponente` VALUES (0,'Till','Werner','Lindermann','1963-01-04','ALEMANIA',0),(1,'Richard','Zven','Kruspe','1967-06-24','ALEMANIA',0),(2,'Christoph','Schneider','NULL','1966-05-11','ALEMANIA',0),(3,'Oliver','Riedel','NULL','1971-04-11','ALEMANIA',0),(4,'Paul','Landers','NULL','1964-12-09','ALEMANIA',0),(5,'Chrsitian','Lorenz','NULL','1966-11-16','ALEMANIA',0),(6,'Bill','Kaulitz','Trumper','1989-09-01','ALEMANIA',1),(7,'Tom','Kaulitz','Trumper','1989-09-01','ALEMANIA',1),(8,'Georg Moritz','Hagen','Listin','1987-03-31','ALEMANIA',1),(9,'Gustav Klaus','Wolfgang','Schafer','1988-09-08','ALEMANIA',1),(10,'Luke','Hemmings','NULL','0000-00-00','AUTRALIA',2),(11,'Michael','Clifford','NULL','0000-00-00','AUTRALIA',2),(12,'calum','Hood','NULL','0000-00-00','AUTRALIA',2),(13,'Ashton','Irwin','NULL','0000-00-00','AUTRALIA',2),(14,'Joel','O Keeffe','NULL','1985-09-06','AUTRALIA',3),(15,'Ryan','O Keeffe','NULL','1986-05-28','AUSTRALIA',3),(16,'Matt','Harri','Harrison','0000-00-00','AUSTRALIA',3),(17,'Justin','Street','NULL','1986-04-06','AUSTRALIA',3),(18,'Juan Pablo','Isaza','Pirineos','0000-00-00','COLOMBIA',4),(19,'Jaun Pablo','Villamil','Cortes','0000-00-00','COLOMBIA',4),(20,'Simon','Vargas','Morales','0000-00-00','COLOMBIA',4),(21,'Martin','Vargas','Morales','0000-00-00','COLOMBIA',4),(22,'Kim','Ji','soo','1995-01-03','COREA DEL SUR',5),(23,'Jennie','Kim','NULL','1996-01-16','COREA DEL SUR',5),(24,'Roseanne','Park','NULL','1997-02-11','NUEVA ZELANDA',5),(25,'Llisa','Manoban','NULL','1997-03-27','TAILANDIA',5),(26,'Seo','Eun','Kwang','1990-11-22','COREA DEL SUR',6),(27,'Lee','Min','Hyuk','1990-11-29','COREA DEL SUR',6),(28,'Lee','Chang','Sub','1991-02-26','COREA DEL SUR',6),(29,'Im','Hyun','Sik','1992-03-07','COREA DEL SUR',6),(30,'Peniel','Shin','NULL','1993-03-10','COREA DEL SUR',6),(31,'Jung','Il','Hoon','1994-10-04','COREA DEL SUR',6),(32,'Yook','Sung','Jae','1995-05-02','COREA DEL SUR',6),(33,'Anders','SG','NULL','0000-00-00','DINAMARCA',7),(34,'Stine','Bramsen','NULL','0000-00-00','DINAMARCA',7),(35,'Andres','B','NULL','0000-00-00','DINAMARCA',7),(36,'Rasmus','Nagel','NULL','0000-00-00','DINAMARCA',7),(37,'Anders','Reinholdt','NULL','0000-00-00','DINAMARCA',7),(38,'Trols','Hansen','NULL','0000-00-00','DINAMARCA',7),(39,'Lene','Grawford','Nystrom','1973-10-02','NORUEGA',8),(40,'Rene','Dif','NULL','1967-10-17','DINAMARCA',8),(41,'Soren','Nystrom','Rasted','1969-06-13','DINAMARCA',8),(42,'Claus','Noreen','NULL','1970-06-05','DINAMARCA',8),(43,'Daniel','Gomez','de la Vega','0000-00-00','ESPANA',9),(44,'Jesus Javier','Mora','NULL','0000-00-00','ESPANA',9),(45,'Julio','Alejandre','NULL','0000-00-00','ESPANA',9),(46,'Jose','Cortes','NULL','0000-00-00','ESPANA',9),(47,'Alejandro','de dios','NULL','0000-00-00','ESPANA',9),(48,'Alberto','Raposo','NULL','0000-00-00','ESPANA',9),(49,'Pedro','Martinez','NULL','0000-00-00','ESPANA',9),(50,'Ignacio','Ortiza','NULL','0000-00-00','ESPANA',9),(51,'Jesus','Garcia','Ochoa','0000-00-00','ESPANA',9),(52,'Jesse','Hasek','NULL','0000-00-00','EEUU',10),(53,'Matt','Wantland','NULL','0000-00-00','EEUU',10),(54,'Brian','Vodinh','NULL','0000-00-00','EEUU',10),(55,'Chad','Grennor','NULL','0000-00-00','EEUU',10),(56,'Luke','Narey','NULL','0000-00-00','EEUU',10),(57,'Bradley','Kirk','Arnorld','1978-09-27','EEUU',11),(58,'Chet','Roberts','NULL','0000-00-00','EEUU',11),(59,'Justin','Biltonen','NULL','0000-00-00','EEUU',11),(60,'Christ','Henderson','NULL','0000-00-00','EEUU',11),(61,'Gereg','Upchurch','NULL','0000-00-00','EEUU',11),(62,'Philip','Steven','Labonte','1975-04-15','EEUU',12),(63,'Mike','Martin','NULL','0000-00-00','EEUU',12),(64,'Aaron','Patrick','NULL','0000-00-00','EEUU',12),(65,'Jason','Costa','NULL','1972-11-05','EEUU',12),(66,'Jason','Richardson','NULL','0000-00-00','EEUU',12),(67,'Jake','Luhrs','NULL','0000-00-00','EEUU',13),(68,'JB','Brubaker','NULL','0000-00-00','EEUU',13),(69,'Brent','Rambler','NULL','0000-00-00','EEUU',13),(70,'Dustin','Davidson','NULL','0000-00-00','EEUU',13),(71,'Matt','Greiner','NULL','0000-00-00','EEUU',13),(72,'Dan','Jacobs','NULL','0000-00-00','EEUU',14),(73,'Travis','Miguel','NULL','0000-00-00','EEUU',14),(74,'Marc','Mcknight','NULL','0000-00-00','EEUU',14),(75,'Brandon','Saller','NULL','1983-06-24','EEUU',14),(76,'Ektor','Alexander','Varkatzas','1928-01-17','EEUU',14),(77,'Rick','DeJesus','NULL','0000-00-00','EEUU',15),(78,'Trevor','Stafford','NULL','0000-00-00','EEUU',15),(79,'Robert','Zakaryan','NULL','0000-00-00','EEUU',15),(80,'Andrew','Cushing','NULL','0000-00-00','EEUU',15),(81,'Jerry','Cantrell','NULL','1966-03-18','EEUU',16),(82,'sean','Kinney','NULL','1966-05-27','EEUU',16),(83,'Mike','Inez','NULL','1966-05-14','EEUU',16),(84,'William','DuVall','NULL','1967-09-06','EEUU',16),(85,'Zach','Porter','NULL','0000-00-00','EEUU',17),(86,'Cameron','Quiseng','NULL','0000-00-00','EEUU',17),(87,'Michael','Martinez','NULL','0000-00-00','EEUU',17),(88,'Alex','Gaskarth','NULL','0000-00-00','REINO UNIDO',18),(89,'Jack','Bassam','Barakat','1988-06-18','LIBANO',18),(90,'Zachary','Steven','Merrick','1988-04-21','EEUU',18),(91,'Robert','Rian','Dawson','1987-12-18','EEUU',18),(92,'Myles','Richard','Bass','1969-11-27','EEUU',19),(93,'Mark','Thomas','Tremonti','1974-04-18','EEUU',19),(94,'Brian','Aubrey','Marshall','1973-04-24','EEUU',19),(95,'Thomas','Scott','Phillips','1973-02-22','EEUU',19),(96,'David','Paden','Marchand','1975-11-20','EEUU',20),(97,'Jade','Errol','Puget','1973-11-28','EEUU',20),(98,'Hunter','Burgan','NULL','1976-05-14','EEUU',20),(99,'Adam','Carson','NULL','1975-02-05','EEUU',20),(100,'Stephen','Christian','Arnorld','1976-06-28','EEUU',21),(101,'Deon','Rexroat','NULL','0000-00-00','EEUU',21),(102,'Joseph','Milligan','NULL','0000-00-00','EEUU',21),(103,'Nathan','Young','NULL','0000-00-00','EEUU',21),(104,'Chrstian','Mcalhaney','NULL','0000-00-00','EEUU',21),(105,'Alejandro Luis','Manzano','NULL','0000-00-00','EEUU',22),(106,'Fabian Rafael','Manzano','NULL','0000-00-00','EEUU',22),(107,'Daniel Enrique','Manzano','NULL','0000-00-00','EEUU',22),(108,'Daniel','Coulter','Reynolds','1987-06-14','EEUU',23),(109,'Benjamin','Arthr','Mckee','1985-04-07','EEUU',23),(110,'Daniel','Wayne','Sermon','1984-06-15','EEUU',23),(111,'Daniel','James','Platzman','1986-09-28','EEUU',23),(112,'Adam','Levine','NULL','1979-03-18','EEUU',24),(113,'Michael','Madden','NULL','1979-05-13','EEUU',24),(114,'James','Burgon','Valentine','1978-10-05','EEUU',24),(115,'Matthew','Flynn','NULL','1970-05-23','EEUU',24),(116,'Paul','Morton','NULL','1981-03-29','EEUU',24),(117,'Jesse','Carmichael','NULL','1979-04-02','EEUU',24),(118,'Sam','Farrar','NULL','1979-06-29','EEUU',24),(119,'Lars','Ulrich','NULL','1963-12-26','DINAMARCA',25),(120,'James','Alan','Hetfield','1963-08-03','EEUU',25),(121,'Kirk','Hammett','NULL','1962-11-18','EEUU',25),(122,'Roberto','Agustin','Trujillo','1964-10-23','EEUU',25),(123,'Carmit','Bachar','NULL','1974-09-04','EEUU',26),(124,'Ashley','Allyn','Roberts','1981-09-14','EEUU',26),(125,'Jessica','Lyn','Sutta','1982-05-15','EEUU',26),(126,'Kimberly','Kaye','Wyatt','1982-02-04','EEUU',26),(127,'Nicole','Scherzinger','NULL','1978-06-29','EEUU',26),(128,'Tyson','Ritter','NULL','0000-00-00','EEUU',27),(129,'Nicholas','Wheeler','NULL','1982-03-20','EEUU',27),(130,'Mike','Kennerty','NULL','0000-00-00','EEUU',27),(131,'Chris','Gaylor','NULL','0000-00-00','EEUU',27),(132,'Eino','Matti','Toppinen','1975-08-05','FINLANDIA',28),(133,'Paavo','Lotjonen','NULL','1968-06-29','FINLANDIA',28),(134,'Perttu','Paivo','Kullervo','1978-05-11','FINLANDIA',28),(135,'Mikko','Siren','NULL','1975-12-31','FINLANDIA',28),(136,'Franky','Perez','NULL','0000-00-00','EEUU',28),(137,'Juan Jose','de la costa','NULL','0000-00-00','MEXICO',29),(138,'Antonio Jorge','Castellano','NULL','0000-00-00','MEXICO',29),(139,'Felipe Luis','Menchu','NULL','0000-00-00','MEXICO',29),(140,'Antonio Miguel','Corona','NULL','0000-00-00','MEXICO',29),(141,'Ismael Felipe','De la rosa','NULL','0000-00-00','MEXICO',29),(142,'Luis Humberto','Navejas','NULL','0000-00-00','MEXICO',30),(143,'Rafael','Navejas','NULL','0000-00-00','MEXICO',30),(144,'Julian','Navejas','NULL','0000-00-00','MEXICO',30),(145,'Angel','Sanchez','NULL','0000-00-00','MEXICO',30),(146,'Javier','Mejias','NULL','0000-00-00','MEXICO',30),(147,'Gilberto','Cerezo','NULL','0000-00-00','MEXICO',31),(148,'Ulises','Lozano','NULL','0000-00-00','MEXICO',31),(149,'Carlos','Chairez','NULL','0000-00-00','MEXICO',31),(150,'Omar','Gongora','NULL','0000-00-00','MEXICO',31),(151,'Cesar','Pliego','NULL','0000-00-00','MEXICO',31),(152,'Sharon','Janny','Den Adel','1974-06-12','PAISES BAJOS',32),(153,'Ruud','Jolie','NULL','1976-04-19','PAISES BAJOS',32),(154,'Jaroen','Van','Veen','1974-10-26','PAISES BAJOS',32),(155,'Martijn','Spierenburg','NULL','1975-01-30','PAISES BAJOS',32),(156,'Robert','Westerholt','NULL','1975-01-02','PAISES BAJOS',32),(157,'Stefan','Helleblad','NULL','0000-00-00','PAISES BAJOS',32),(158,'Mike','Coolen','NULL','0000-00-00','PAISES BAJOS',32),(159,'Riot','Julian','NULL','0000-00-00','PORTUGAL',33),(160,'Branko','Robadu','NULL','0000-00-00','PORTUGAL',33),(161,'Daniel','Conductor','NULL','0000-00-00','PORTUGAL',33),(162,'Kalaf','Nikjof','NULL','0000-00-00','PORTUGAL',33),(163,'Blaya','Yarena','NULL','0000-00-00','PORTUGAL',33),(164,'Fred','Garrido','NULL','0000-00-00','PORTUGAL',33),(165,'Patty','Walters','NULL','0000-00-00','REINO UNIDO',34),(166,'Benjamin','Biss','NULL','0000-00-00','REINO UNIDO',34),(167,'Patrick','Foley','NULL','0000-00-00','REINO UNIDO',34),(168,'Alistar','Testo','NULL','0000-00-00','REINO UNIDO',34),(169,'Matthew','Charles','Sanders','1981-06-30','EEUU',35),(170,'Brian','Elwin','Haner','1981-06-07','EEUU',35),(171,'Zachary','James','Baker','1981-12-11','EEUU',35),(172,'Jonathan','Lewis','Seward','1984-11-18','EEUU',35),(173,'Brooks','Wackerman','NULL','1977-02-15','EEUU',35),(174,'Daniel','Campbell','Smith','1986-06-14','EEUU',36),(175,'Kyle','Simmons','NULL','0000-00-00','EEUU',36),(176,'William','Farquarson','NULL','0000-00-00','EEUU',36),(177,'Chris','Wood','NULL','0000-00-00','EEUU',36),(178,'Lee','Ryan','NULL','1983-06-17','REINO UNIDO',37),(179,'Simon','Solomon','Webbe','1979-03-30','REINO UNIDO',37),(180,'Duncan','James','NULL','1978-04-07','REINO UNIDO',37),(181,'Antony','Daniel','Costa','1981-06-23','REINO UNIDO',37),(182,'Michael','Philip','Jagger','1943-06-26','REINO UNIDO',38),(183,'Keith','Richardson','NULL','1943-12-18','REINO UNIDO',38),(184,'Charles','Roberts','Watts','1941-06-02','REINO UNIDO',38),(185,'Ronald','Davidson','Wood','1947-06-01','REINO UNIDO',38),(186,'Rucsandra','Ilescu','NULL','0000-00-00','RUMANIA',39),(187,'Anamaria','Nanu','NULL','0000-00-00','RUMANIA',39),(188,'Diana','Ganea','NULL','0000-00-00','RUMANIA',39),(189,'Gela','Marinescu','NULL','0000-00-00','RUMANIA',39),(190,'Cristina','Marinescu','NULL','0000-00-00','RUMANIA',39),(191,'Christopher','Anthony','Martin','1977-03-02','REINO UNIDO',40),(192,'Jonathan','Mark','Buckland','1977-09-11','REINO UNIDO',40),(193,'Guy','Rupert','Berryman','1978-04-12','REINO UNIDO',40),(194,'William','Champion','NULL','1978-06-30','REINO UNIDO',40),(195,'Philip','Harvey','NULL','1976-08-29','REINO UNIDO',40),(196,'Jose Fernando','Olvera','Sierra','1959-12-08','MEXICO',41),(197,'Juan Diego','Calleros','Ramos','1962-04-19','MEXICO',41),(198,'Alejandro','Gonzalez','Trujillo','1969-02-24','MEXICO',41),(199,'Sergio','Vallin','Loera','1972-05-26','MEXICO',41),(200,'Maria Angeles','Munoz','Duenas','1974-08-20','ESPANA',42),(201,'Dionisio','Martin','Lobato','1970-10-31','ESPANA',42),(202,'Alba','Reig','Cgilabert','0000-00-00','ESPANA',43),(203,'Sonia','Gomez','Gonzalez','0000-00-00','ESPANA',43),(204,'Tamara','Nsue','Sanchez','0000-00-00','ESPANA',43),(205,'Javier','Dominguez','Gregorio','1973-08-31','ESPANA',44),(206,'Jesus','Maria','Hernandez','1970-01-21','ESPANA',44),(207,'Carlos','Prieto','Guijarro','1969-06-30','ESPANA',44),(208,'Patricia','Tapia','Pacheco','1977-11-15','ESPANA',44),(209,'Javier','Diez','NULL','0000-00-00','ESPANA',44),(210,'Fernando','Mainer','NULL','0000-00-00','ESPANA',44),(211,'Josema','Pizarro','NULL','0000-00-00','ESPANA',44),(212,'Manuel','Seoane','Paris','1987-03-18','ESPANA',44),(213,'Victor','de Andres','NULL','0000-00-00','ESPANA',44),(214,'Ivan','Torres','NULL','0000-00-00','ESPANA',45),(215,'Javier','Moreno','NULL','0000-00-00','ESPANA',45),(216,'Arturo','Sosa','NULL','0000-00-00','ESPANA',45),(217,'Nau','Barreto','NULL','0000-00-00','ESPANA',45),(218,'Tyler','Roberts','Joseph','1988-12-01','EEUU',46),(219,'Joshua','William','Dun','1988-06-18','EEUU',46),(220,'Tony','Borowiak','NULL','0000-00-00','EEUU',47),(221,'Jaime','Jones','NULL','0000-00-00','EEUU',47),(222,'Delious','Kennedy','NULL','0000-00-00','EEUU',47),(223,'Alfred','Navarez','NULL','0000-00-00','EEUU',47),(224,'Robert','Schneider','NULL','0000-00-00','EEUU',48),(225,'John','Hill','NULL','0000-00-00','EEUU',48),(226,'Eric','Allen','NULL','0000-00-00','EEUU',48),(227,'John','Dufilho','NULL','0000-00-00','EEUU',48),(228,'John','Ferguson','NULL','0000-00-00','EEUU',48),(229,'Benjamin','Phelan','NULL','0000-00-00','EEUU',48),(230,'Daniel','Quine','Auerbach','1979-05-14','EEUU',49),(231,'Patricj','James','Carney','1980-04-15','EEUU',49),(232,'Robert','William','Lamm','1944-10-13','EEUU',50),(233,'Lee','Loughnane','NULL','1956-10-21','EEUU',50),(234,'James','Carter','Pankow','1947-08-20','EEUU',50),(235,'Walter','Parazaider','NULL','1945-03-14','EEUU',50),(236,'Keith','Howland','NULL','1964-08-14','EEUU',50),(237,'Lou','Pardini','NULL','0000-00-00','EEUU',50),(238,'Walfredo','Reyes','NULL','1955-12-18','EEUU',50),(239,'Ray','Herrmann','NULL','0000-00-00','EEUU',50),(240,'Neil','Donell','NULL','0000-00-00','EEUU',50),(241,'Brett','Simons','NULL','0000-00-00','EEUU',50),(242,'Ramon','Yslas','NULL','0000-00-00','EEUU',50),(243,'Gianfranco','Randone','NULL','1970-01-05','ITALIA',51),(244,'Maurizio','Lobina','NULL','1973-10-30','ITALIA',51),(245,'Gabry','Ponte','NULL','1973-04-20','ITALIA',51),(246,'James','Atkin','NULL','0000-00-00','REINO UNIDO',52),(247,'Ian','Dench','NULL','0000-00-00','REINO UNIDO',52),(248,'Derry','Brownson','NULL','0000-00-00','REINO UNIDO',52),(249,'Mark','Decloedt','NULL','0000-00-00','REINO UNIDO',52),(250,'Richard','March','NULL','0000-00-00','REINO UNIDO',52),(251,'Tim','Stephens','NULL','0000-00-00','REINO UNIDO',52),(252,'Philip','Cleary','NULL','0000-00-00','REINO UNIDO',52),(253,'Billie','Joe','Armstrong','1972-02-17','EEUU',53),(254,'Michael','Ryan','Pritchard','1972-05-04','EEUU',53),(255,'Franky','Edwin','Wright','1972-12-09','ALEMANIA',53),(256,'Richard','Archer','NULL','0000-00-00','REINO UNIDO',54),(257,'Steve','Kemp','NULL','0000-00-00','REINO UNIDO',54),(258,'Kai','Stephens','NULL','0000-00-00','REINO UNIDO',54),(259,'Harry','WAyne','Casey','1951-01-31','EEUU',55),(260,'Maria','de Crescenzo','NULL','0000-00-00','EEUU',55),(261,'Charlotte','McKinnon','NULL','0000-00-00','EEUU',55),(262,'Fermin','Goytisolo','NULL','0000-00-00','EEUU',55),(263,'Chris','Cheney','NULL','0000-00-00','AUSTRALIA',56),(264,'Scott','Owen','NULL','0000-00-00','AUSTRALIA',56),(265,'Andy','Strachan','NULL','0000-00-00','AUSTRALIA',56),(266,'Steve','Berlin','NULL','0000-00-00','EEUU',57),(267,'David','Hidalgo','NULL','1954-10-06','EEUU',57),(268,'Conrad','Lozano','NULL','0000-00-00','EEUU',57),(269,'Louie','Perez','NULL','0000-00-00','EEUU',57),(270,'Cesar','Rosas','NULL','1954-09-26','EEUU',57),(271,'Enrique','Gonzalez','NULL','0000-00-00','EEUU',57),(272,'Quavios','Marshall','NULL','0000-00-00','EEUU',58),(273,'Kiari','Cephus','NULL','0000-00-00','EEUU',58),(274,'Kirshnik','Ball','NULL','0000-00-00','EEUU',58),(275,'Juan David','Huertas','Clavijo','0000-00-00','COLOMBIA',59),(276,'Pablo','Mejias','Bermudez','0000-00-00','COLOMBIA',59),(277,'David','Escobar','Gallego','0000-00-00','COLOMBIA',59),(278,'David','Lourdy','Hernandez','0000-00-00','COLOMBIA',59),(279,'Sameer','Gadhia','NULL','0000-00-00','EEUU',60),(280,'Jacob','Tilley','NULL','0000-00-00','EEUU',60),(281,'Eric','Cannata','NULL','0000-00-00','EEUU',60),(282,'Payam','Doostzadeh','NULL','0000-00-00','EEUU',60),(283,'Francois','Comtois','NULL','0000-00-00','EEUU',60),(284,'Benjamin','Adams','NULL','0000-00-00','NORUEGA',61),(285,'Mark','Read','NULL','0000-00-00','NORUEGA',61),(286,'Chrstian','Ingebrigtsen','NULL','0000-00-00','NORUEGA',61),(287,'Alxander','James','McLean','1978-01-09','EEUU',62),(288,'Howard','Dwaine','Dorough','1973-08-22','EEUU',62),(289,'Nickolas','Gene','Carter','1980-01-28','EEUU',62),(290,'Kevin','Scott','Richardson','1971-10-03','EEUU',62),(291,'Brian','Thomas','Litrell','1975-02-20','EEUU',62),(292,'Kim','Seok','Jin','1992-12-04','COREA DEL SUR',63),(293,'Min','Yoon','Gi','1993-03-09','COREA DEL SUR',63),(294,'Jung','Howland','Seok','1994-02-18','COREA DEL SUR',63),(295,'Kim','Nam','Joon','1994-09-12','COREA DEL SUR',63),(296,'Park','JI','Min','1995-10-13','COREA DEL SUR',63),(297,'Kim','Tae','Hyung','1995-12-30','COREA DEL SUR',63),(298,'Jeon','Jung','Kook','1997-09-01','COREA DEL SUR',63),(299,'OLIVER','Sykes','NULL','1986-11-20','REINO UNIDO',64),(300,'Lee','Malia','NULL','1984-06-04','REINO UNIDO',64),(301,'Matthew','Kean','NULL','1986-06-02','REINO UNIDO',64),(302,'Matt','Nicholls','NULL','1986-03-22','REINO UNIDO',64),(303,'Jordan','Fish','NULL','1986-06-26','REINO UNIDO',64),(304,'Mark','Hall','NULL','0000-00-00','EEUU',65),(305,'Megan','Garrett','NULL','0000-00-00','EEUU',65),(306,'Juan','DeVevo','NULL','0000-00-00','EEUU',65),(307,'Josh','Mix','NULL','0000-00-00','EEUU',65),(308,'Melodee','DeVevo','NULL','0000-00-00','EEUU',65),(309,'Chris','Huffman','NULL','0000-00-00','EEUU',65),(310,'Brian','Scoggin','NULL','0000-00-00','EEUU',65),(311,'Claudio','Sanchez','NULL','1978-03-02','EEUU',66),(312,'Travis','Stever','NULL','1978-01-01','EEUU',66),(313,'Josh','Eppard','NULL','1979-12-06','EEUU',66),(314,'Zach','Cooper','NULL','0000-00-00','EEUU',66),(315,'Rolf','Magnus','Joakim','1963-08-19','SUECIA',67),(316,'John','Terry','Norum','1964-02-23','SUECIA',67),(317,'John','Gunnaer','Leven','1963-10-25','SUECIA',67),(318,'Gunnar','Mathias','Michaeli','1962-11-11','SUECIA',67),(319,'Hakan','Janny','Haugland','1964-08-13','NORUEGA',67),(320,'Toby','Allen','NULL','0000-00-00','AUTRALIA',68),(321,'Phillip','Andrew','Burton','1974-03-13','AUTRALIA',68),(322,'Andrew','James','Tierney','1974-06-20','AUTRALIA',68),(323,'Michael','John','Tierney','1977-01-18','AUTRALIA',68),(324,'Urs','Toni','Buhler','1971-06-19','SUIZA',69),(325,'Sebastian','Izambard','NULL','1973-03-07','FRANCIA',69),(326,'Carlos','Marin','Menchero','1968-10-13','ESPANA',69),(327,'David','Miller','NULL','1973-04-14','EEUU',69),(328,'Piero','Barone','NULL','0000-00-00','ITALIA',70),(329,'Ignazio','Boschetto','NULL','1994-10-04','ITALIA',70),(330,'Gianluca','Ginoble','NULL','1995-02-11','ITALIA',70),(331,'Aston','Lian','Merrygold','1988-02-13','REINO UNIDO',71),(332,'Oritse','Williams','NULL','0000-00-00','REINO UNIDO',71),(333,'Jonathan','Benjamin','NULL','0000-00-00','REINO UNIDO',71),(334,'Marvin','Humes','NULL','0000-00-00','REINO UNIDO',71),(335,'Thomas','Peter','Meighan','1981-01-11','REINO UNIDO',72),(336,'Sergio','Lorenzo','Pizzorno','1980-12-15','REINO UNIDO',72),(337,'Chris','Edwards','NULL','0000-00-00','REINO UNIDO',72),(338,'Ian','Matthews','NULL','0000-00-00','REINO UNIDO',72),(339,'Antonio','Romero','Monge','0000-00-00','ESPANA',73),(340,'Rafael','Ruiz','Perdigones','0000-00-00','ESPANA',73),(341,'Andres','Ceballos','NULL','0000-00-00','ESPANA',74),(342,'Martin','Ceballos','NULL','0000-00-00','ESPANA',74),(343,'Alberto','Gonzalez','NULL','0000-00-00','ESPANA',74),(344,'Luis','Gonzalvo','NULL','0000-00-00','ESPANA',74),(345,'Nacho','Gotor','NULL','0000-00-00','ESPANA',74),(346,'Leonel','GArcia','Nunez de caceres','1975-01-27','MEXICO',75),(347,'Nahuel','Schajris','Rodriguez','1974-06-19','ARGENTINA',75),(348,'Jorge','Ruiz','Flores','1975-06-10','ESPANA',76),(349,'Luis','Gomez','NULL','0000-00-00','ESPANA',76),(350,'Rafael','Martin','NULL','0000-00-00','ESPANA',76),(351,'Tato','Latorre','NULL','0000-00-00','ESPANA',76),(352,'Serginho','Moreira','NULL','0000-00-00','ESPANA',76),(353,'Xabi','San Martin','Beldarrain','1977-05-20','ESPANA',77),(354,'Leire','Martinez','Ochoa','1979-06-22','ESPANA',77),(355,'Pablo','Benegas','NULL','1976-06-21','ESPANA',77),(356,'Alvaro','Fuentes','Ibarz','1975-09-17','ESPANA',77),(357,'Haritz','Garde','Fernandez','1976-01-23','ESPANA',77),(358,'David','Munoz','Calvo','1976-01-10','ESPANA',78),(359,'Jose Manuel','Munoz','Calvo','1978-11-13','ESPANA',78),(360,'Caleb','Followill','NULL','0000-00-00','EEUU',79),(361,'Nathan','Followill','NULL','0000-00-00','EEUU',79),(362,'Jared','Followill','NULL','0000-00-00','EEUU',79),(363,'Matthew','Followill','NULL','0000-00-00','EEUU',79),(364,'Francisco','Familiar','NULL','0000-00-00','MEXICO',80),(365,'Edgar','Hansen','Otero','0000-00-00','MEXICO',80),(366,'Erik','Neville','Lianres','0000-00-00','MEXICO',80),(367,'Gil Santiago','Rangel','NULL','0000-00-00','MEXICO',80),(368,'Sergio','Vela','NULL','0000-00-00','MEXICO',80),(369,'Jesus','Oviedo','Morilla','0000-00-00','ESPANA',81),(370,'Daniel','Oviedo','Morilla','0000-00-00','ESPANA',81),(371,'Daniel','John','Mark','1979-10-03','IRLANDA',82),(372,'Marc','Anthony','Sheehan','1976-10-29','IRLANDA',82),(373,'Glen','Joseph','Power','1978-06-05','IRLANDA',82);
/*!40000 ALTER TABLE `tcomponente` ENABLE KEYS */;
UNLOCK TABLES;

--
-- Table structure for table `tcontiene`
--

DROP TABLE IF EXISTS `tcontiene`;
/*!40101 SET @saved_cs_client     = @@character_set_client */;
/*!50503 SET character_set_client = utf8mb4 */;
CREATE TABLE `tcontiene` (
  `CODCANCION` smallint NOT NULL,
  `CODDISCO` smallint NOT NULL,
  PRIMARY KEY (`CODDISCO`,`CODCANCION`),
  KEY `fk_tcontiene_tcancion` (`CODCANCION`),
  CONSTRAINT `fk_tcontiene_tcancion` FOREIGN KEY (`CODCANCION`) REFERENCES `tcancion` (`CODIGO`) ON DELETE RESTRICT ON UPDATE CASCADE,
  CONSTRAINT `fk_tcontiene_tdisco` FOREIGN KEY (`CODDISCO`) REFERENCES `tdisco` (`CODIGO`) ON DELETE RESTRICT ON UPDATE CASCADE
) ENGINE=InnoDB DEFAULT CHARSET=utf8;
/*!40101 SET character_set_client = @saved_cs_client */;

--
-- Dumping data for table `tcontiene`
--

LOCK TABLES `tcontiene` WRITE;
/*!40000 ALTER TABLE `tcontiene` DISABLE KEYS */;
INSERT INTO `tcontiene` VALUES (0,0),(1,1),(2,2),(3,2),(4,2),(5,2),(6,2),(7,2),(8,2),(9,2),(10,2),(11,2),(12,2),(13,2),(14,3),(15,4),(16,4),(17,4),(18,4),(19,4),(20,4),(21,4),(22,4),(23,4),(24,4),(25,4),(26,5),(27,5),(28,5),(29,5),(30,5),(31,5),(32,5),(33,5),(34,5),(35,5),(36,5),(37,6),(38,7),(39,8),(40,8),(41,8),(42,8),(43,8),(44,8),(45,8),(46,8),(47,8),(48,8),(49,8),(50,8),(51,8),(52,9),(53,10),(54,11),(55,11),(56,12),(57,13),(58,13),(59,13),(60,13),(61,13),(62,13),(63,13),(64,13),(65,13),(66,13),(67,13),(68,13),(69,13),(70,14),(71,15),(72,16),(73,16),(74,16),(75,16),(76,16),(77,16),(78,16),(79,16),(80,16),(81,16),(82,16),(83,16),(84,16),(85,16),(86,17),(87,17),(88,17),(89,17),(90,17),(91,17),(92,17),(93,17),(94,17),(95,17),(96,17),(97,17),(98,17),(99,17),(100,17),(101,18),(102,19),(103,20),(104,21),(105,22),(106,23),(107,24),(108,24),(109,24),(110,24),(111,24),(112,24),(113,24),(114,24),(115,24),(116,24),(117,25),(118,26),(119,27),(120,27),(121,27),(122,28),(123,28),(124,29),(125,29),(126,30),(127,30),(128,31),(129,31),(130,31),(131,31),(132,31),(133,31),(134,31),(135,32),(136,32),(137,33),(138,34),(139,34),(140,34),(141,34),(142,34),(143,34),(144,34),(145,34),(146,34),(147,34),(148,35),(149,35),(150,35),(151,35),(152,35),(153,35),(154,35),(155,35),(156,35),(157,36),(158,36),(159,36),(160,36),(161,36),(162,36),(163,36),(164,37),(165,37),(166,37),(167,37),(168,37),(169,38),(170,38),(171,38),(172,39),(173,39),(174,39),(175,39),(176,39),(177,39),(178,40),(179,40),(180,40),(181,40),(182,40),(183,40),(184,40),(185,41),(186,41),(187,41),(188,41),(189,41),(190,41),(191,41),(192,42),(193,42),(194,42),(195,42),(196,42),(197,43),(198,43),(199,43),(200,43),(201,43),(202,43),(203,44),(204,44),(205,44),(206,45),(207,45),(208,45),(209,45),(210,45),(211,46),(212,47),(213,47),(214,47),(215,47),(216,47),(217,48),(218,48),(219,48),(220,48),(221,48),(222,48),(223,49),(224,49),(225,49),(226,49),(227,49),(228,49),(229,50),(230,51),(231,52),(232,52),(233,52),(234,52),(235,52),(236,53),(237,53),(238,53),(239,53),(240,53),(241,53),(242,53),(243,54),(244,54),(245,54),(246,54),(247,54),(248,54),(249,55),(250,55),(251,55),(252,55),(253,55),(254,55),(255,56),(256,57),(257,57),(258,57),(259,57),(260,57),(261,57),(262,58),(263,59),(264,60),(265,60),(266,60),(267,60),(268,60),(269,60),(270,60),(271,61),(272,61),(273,61),(274,61),(275,61),(276,61),(277,61),(278,61),(279,62),(280,62),(281,62),(282,62),(283,62),(284,63),(285,63),(286,63),(287,63),(288,63),(289,63),(290,63),(291,64),(292,64),(293,64),(294,64),(295,65),(296,65),(297,65),(298,65),(299,65),(300,66),(301,66),(302,66),(303,66),(304,66),(305,66),(306,67),(307,67),(308,67),(309,67),(310,67),(311,68),(312,68),(313,68),(314,68),(315,68),(316,68),(317,69),(318,69),(319,69),(320,69),(321,69),(322,69),(323,70),(324,70),(325,70),(326,70),(327,70),(328,71),(329,71),(330,71),(331,71),(332,71),(333,72),(334,72),(335,72),(336,72),(337,73),(338,73),(339,73),(340,73),(341,74),(342,74),(343,74),(344,74),(345,74),(346,75),(347,75),(348,75),(349,76),(350,76),(351,77),(352,77),(353,78),(354,78),(355,79),(356,79),(357,80),(358,80),(359,80),(360,80),(361,81),(362,81),(363,81),(364,82),(365,82),(366,82),(367,83),(368,83),(369,84),(370,84),(371,84),(372,84),(373,85),(374,85),(375,86),(376,86),(377,86),(378,87),(379,87),(380,87),(381,88),(382,88),(383,89),(384,89),(385,90),(386,90),(387,90),(388,90),(389,91),(390,91),(391,92),(392,92),(393,92),(394,92),(395,93),(396,93),(397,93),(398,94),(399,94),(400,94),(401,95),(402,95),(403,95),(404,96),(405,96),(406,96),(407,97),(408,97),(409,97),(410,98),(411,98),(412,99),(413,99),(414,100),(415,101),(416,101),(417,101),(418,102),(419,102),(420,103),(421,103),(422,104),(423,104),(424,105),(425,105),(426,106),(427,106),(428,106),(429,107),(430,107),(431,107),(432,108),(433,108),(434,109),(435,109),(436,110),(437,110),(438,111),(439,111),(440,111),(441,112),(442,112),(443,112),(444,113),(445,113),(446,114),(447,115),(448,115),(449,116),(450,116),(451,116),(452,117),(453,117),(454,118),(455,118),(456,119),(457,120),(458,121),(459,122),(460,123),(461,124),(462,124),(463,124),(464,124),(465,124),(466,125),(467,125),(468,126),(469,126),(470,127),(471,127),(472,127),(473,128),(474,129),(475,129),(476,130),(477,130),(478,130),(479,131),(480,131),(481,131),(482,132),(483,132),(484,132),(485,133),(486,133),(487,133),(488,134),(489,134),(490,134),(491,135),(492,136),(493,136),(494,136),(495,137),(496,137),(497,137),(498,138),(499,138),(500,138),(501,139),(502,139),(503,139),(504,140),(505,140),(506,140),(507,141),(508,141),(509,141),(510,142),(511,142),(512,142),(513,142),(514,143),(515,144),(516,144),(517,144),(518,145),(519,145),(520,146),(521,146),(522,147),(523,147),(524,147),(525,148),(526,148),(527,149),(528,150),(529,150),(530,150),(531,151),(532,152),(533,152),(534,152),(535,152),(536,152),(537,152),(538,153),(539,153),(540,153),(541,154),(542,155),(543,155),(544,155),(545,156),(546,156),(547,156),(548,157),(549,157),(550,157),(551,158),(552,158),(553,158),(554,159),(555,159),(556,159),(557,160),(558,161),(559,161),(560,161),(561,161),(562,162),(563,162),(564,162),(565,163),(566,163),(567,163),(568,164),(569,164),(570,164),(571,165),(572,165),(573,165),(574,166),(575,166),(576,166),(577,166),(578,167),(579,167),(580,167),(581,168),(582,169),(583,169),(584,169),(585,170),(586,171),(587,171),(588,171),(589,171),(590,172),(591,173),(592,173),(593,173),(594,173),(595,174),(596,174),(597,174),(598,174),(599,175),(600,175),(601,175),(602,175),(603,176),(604,177),(605,177),(606,177),(607,177),(608,178),(609,178),(610,178),(611,178),(612,179),(613,179),(614,179),(615,180),(616,180),(617,180),(618,180),(619,180),(620,181),(621,181),(622,181),(623,181),(624,182),(625,182),(626,182),(627,183),(628,183),(629,183),(630,183),(631,184),(632,184),(633,185),(634,185),(635,185),(636,185),(637,186),(638,186),(639,186),(640,186),(641,186),(642,187),(643,187),(644,187),(645,188),(646,188),(647,188),(648,188),(649,189),(650,189),(651,189),(652,190),(653,190),(654,190),(655,190),(656,191),(657,192),(658,192),(659,192),(660,192),(661,193),(662,194),(663,194),(664,194),(665,195),(666,195),(667,195),(668,195),(669,196),(670,196),(671,196),(672,196),(673,197),(674,197),(675,197),(676,197),(677,198),(678,198),(679,198),(680,198),(681,199),(682,199),(683,199),(684,199),(685,200),(686,200),(687,200),(688,201),(689,202),(690,202),(691,202),(692,203),(693,204),(694,204),(695,204),(696,205),(697,205),(698,205),(699,206),(700,206),(701,206),(702,206),(703,207),(704,208),(705,208),(706,208),(707,208),(708,209),(709,210),(710,211),(711,211),(712,211),(713,211),(714,211),(715,212),(716,213),(717,213),(718,213),(719,214),(720,215),(721,215),(722,215),(723,215),(724,216),(725,216),(726,216),(727,217),(728,217),(729,217),(730,217),(731,218),(732,219),(733,219),(734,219),(735,220),(736,221),(737,221),(738,221),(739,221),(740,222),(741,223),(742,223),(743,223),(744,223),(745,223),(746,224),(747,225),(748,225),(749,225),(750,226),(751,226),(752,226),(753,226),(754,227),(755,227),(756,227),(757,228),(758,229),(759,229),(760,229),(761,229),(762,230),(763,230),(764,230),(765,231),(766,231),(767,231),(768,231),(769,232),(770,232),(771,232),(772,232),(773,232),(774,233),(775,233),(776,233),(777,233),(778,234),(779,235),(780,236),(781,236),(782,236),(783,236),(784,237),(785,237),(786,237),(787,237),(788,237),(789,238),(790,238),(791,238),(792,239),(793,239),(794,239),(795,239),(796,239),(797,240),(798,241),(799,242),(800,242),(801,242),(802,242),(803,243),(804,243),(805,243),(806,243),(807,244),(808,245),(809,246),(810,246),(811,246),(812,246),(813,247),(814,248),(815,248),(816,248),(817,249),(818,249),(819,249),(820,249),(821,250),(822,251),(823,251),(824,251),(825,251),(826,252),(827,253),(828,254),(829,255),(830,255),(831,255),(832,256),(833,257),(834,258),(835,259),(836,260),(837,261),(838,261),(839,261),(840,261),(841,261),(842,261),(843,262),(844,263),(845,264),(846,265),(847,266),(848,267),(849,268),(850,269),(851,270),(852,271),(853,272),(854,273),(855,274),(856,275),(857,276),(858,277),(859,278),(860,279),(861,280),(862,280),(863,280),(864,280),(865,280),(866,280),(867,280),(868,281),(869,281),(870,281),(871,281),(872,281),(873,281),(874,282),(875,283),(876,284),(877,285),(878,286),(879,287),(880,288),(881,289),(882,290),(883,291),(884,292),(885,293),(886,294),(887,295),(888,295),(889,295),(890,295),(891,296),(892,297),(893,297),(894,297),(895,297),(896,297),(897,298),(898,299),(899,300),(900,301),(901,302),(902,303),(903,304),(904,305),(905,306),(906,307),(907,308),(908,309),(909,310),(910,311),(911,312),(912,313),(913,314),(914,315),(915,316),(916,317),(917,318),(918,319),(919,320),(920,321),(921,322),(922,322),(923,322),(924,322),(925,322),(926,322),(927,323),(928,324),(929,325),(930,326),(931,327),(932,328),(933,329),(934,330),(935,331),(936,332),(937,333),(938,334),(939,335),(940,336),(941,337),(942,338),(943,339);
/*!40000 ALTER TABLE `tcontiene` ENABLE KEYS */;
UNLOCK TABLES;

--
-- Table structure for table `tdisco`
--

DROP TABLE IF EXISTS `tdisco`;
/*!40101 SET @saved_cs_client     = @@character_set_client */;
/*!50503 SET character_set_client = utf8mb4 */;
CREATE TABLE `tdisco` (
  `CODIGO` smallint NOT NULL,
  `NOMBRE` char(50) NOT NULL,
  `TIPO` char(8) NOT NULL,
  `LANZAMIENTO` date NOT NULL,
  PRIMARY KEY (`CODIGO`)
) ENGINE=InnoDB DEFAULT CHARSET=utf8;
/*!40101 SET character_set_client = @saved_cs_client */;

--
-- Dumping data for table `tdisco`
--

LOCK TABLES `tdisco` WRITE;
/*!40000 ALTER TABLE `tdisco` DISABLE KEYS */;
INSERT INTO `tdisco` VALUES (0,'And its supposed to be love','Sencillo','2007-05-15'),(1,'Down on my kness','Sencillo','2006-02-27'),(2,'Evolution','Album','2017-01-01'),(3,'Kommena pia ta daneika','Sencillo','2010-01-01'),(4,'Walls','Album','2018-01-01'),(5,'La otra orilla','Album','2019-01-01'),(6,'If I were sorry','Sencillo','2016-02-28'),(7,'Siriki','Sencillo','2019-01-01'),(8,'Ridin high again','Album','2019-04-29'),(9,'El anillo','Sencillo','2018-01-01'),(10,'Turn around','Sencillo','2015-01-01'),(11,'KKS','Album','2019-01-01'),(12,'Family','Sencillo','2019-01-01'),(13,'Let the trap say amen','Album','2018-01-01'),(14,'Interludio','Album','2008-01-01'),(15,'Hoje em dia','Sencillo','2018-01-01'),(16,'Electro Ghetto','Album','2005-05-23'),(17,'Staatsfeind','Album','2005-03-06'),(18,'Ciudad de pael','Sencillo','2018-01-01'),(19,'Esta rico','Sencillo','2018-01-01'),(20,'Slide away','Sencillo','2019-01-01'),(21,'Domani','Sencillo','2019-01-01'),(22,'Muevelo','Sencillo','2020-01-01'),(23,'Sono solo parole','Sencillo','2012-01-01'),(24,'In the blue light','Album','2018-01-01'),(25,'Junge','Sencillo','2017-01-01'),(26,'Me gusta','Sencillo','2020-01-01'),(27,'Bandana','Album','2001-11-12'),(28,'Noche','Album','2002-05-09'),(29,'Vivier intentando','Album','2003-04-07'),(30,'Hasta siempre','Album','2004-06-01'),(31,'Cuando no estas','Album','2007-06-03'),(32,'Mirame de cerca','Album','2014-05-06'),(33,'Espejos','Sencillo','2011-01-05'),(34,'El otro','Album','2018-06-06'),(35,'El doble','Album','2019-11-11'),(36,'Tini','Album','2016-04-29'),(37,'Quiero volver','Album','2018-10-12'),(38,'Violetta','Album','2012-06-05'),(39,'Hoy somos mas','Album','2013-06-11'),(40,'Leon gieco','Album','1973-06-03'),(41,'La banda de caballos cansados','Album','1974-04-09'),(42,'Pensar en nada','Album','1981-06-01'),(43,'Semillas del corazon','Album','1988-04-05'),(44,'Desenchufado','Album','1994-05-09'),(45,'Bandidos rurales','Album','2001-12-13'),(46,'One 4 me','Sencillo','2016-01-01'),(47,'Amaneciendo','Album','1998-09-30'),(48,'Recordandote','Album','2000-07-18'),(49,'Luciano','Album','2004-03-19'),(50,'The chute out','Sencillo','2012-01-01'),(51,'Set me free','Sencillo','2017-01-01'),(52,'Coti','Album','2002-01-01'),(53,'Canciones para llevar','Album','2004-10-06'),(54,'Cage to rattle','Album','2018-06-27'),(55,'Keep it simple','Album','2019-01-01'),(56,'Give me the music','Sencillo','2008-01-01'),(57,'Tea & sympathy','Album','2005-09-12'),(58,'Wish you well','Sencillo','2005-05-10'),(59,'Watch over me','Sencillo','2006-02-13'),(60,'The new Classic','Album','2014-11-25'),(61,'In my defense','Album','2016-04-16'),(62,'Music of the sun','Album','2005-08-29'),(63,'A girl like me','Album','2006-04-19'),(64,'This is the end','Album','2013-06-14'),(65,'Unapologetic','Album','2012-11-19'),(66,'Anti','Album','2016-01-28'),(67,'Know it all','Album','2015-11-13'),(68,'The pains of growing','Album','2018-11-30'),(69,'Reckless','Album','1984-10-05'),(70,'into the fire','Album','1987-03-30'),(71,'On a day like today','Album','1998-08-16'),(72,'Shine a light','Album','2019-05-10'),(73,'thank me later','Album','2010-06-15'),(74,'nothing was the same','Album','2013-09-24'),(75,'Scorpion','Album','2018-06-19'),(76,'stepping out','Album','1992-10-01'),(77,'Live in Paris','Album','2002-11-29'),(78,'Glad Rag Doll','Album','2012-10-02'),(79,'My world 2.0','Album','2010-03-13'),(80,'Believe','Album','2012-06-15'),(81,'Purpose','Album','2015-11-13'),(82,'Changes','Album','2020-02-14'),(83,'Cendes de lune','Album','1986-04-01'),(84,'ainsi soit-je','Album','1988-04-23'),(85,'Point de suture','Album','2008-08-15'),(86,'Monkey me','Album','2012-12-03'),(87,'whoa nelly','Album','2000-10-14'),(88,'Floklore','Album','2003-11-15'),(89,'The Spirit indestructible','Album','2012-09-14'),(90,'Loose','Album','2006-06-07'),(91,'The Ride','Album','2017-03-31'),(92,'Handwritten','Album','2015-04-14'),(93,'Illuminate','Album','2016-09-23'),(94,'Shaw Mendes','Album','2018-05-25'),(95,'Desechable','Album','2011-06-30'),(96,'Tornasol','Album','2013-01-07'),(97,'la trenza','Album','2017-04-28'),(98,'Norma','Album','2018-11-09'),(99,'Myriam Hernandez','Album','1988-10-14'),(100,'Fiesta','Album','2013-11-06'),(101,'Cambio de piel','Album','2017-12-06'),(102,'Rosa','Album','2018-07-08'),(103,'Mantra','Album','2018-05-18'),(104,'Fantasia','Album','2019-04-12'),(105,'Real','Album','2009-05-07'),(106,'La familia','Album','2013-10-23'),(107,'Energia','Album','2016-06-24'),(108,'Vibras','Album','2018-05-25'),(109,'Mi sangre','Album','2004-09-28'),(110,'La vida es un ratico','Album','2007-10-23'),(111,'Loco de amor','Album','2014-03-11'),(112,'Mis planes son amarte','Album','2017-05-12'),(113,'Mas futuro que pasado','Album','2019-11-22'),(114,'Ven abrazame','Sencillo','2015-10-25'),(115,'Historias prestadas','Album','2012-05-11'),(116,'Renacer','Album','2016-12-07'),(117,'Luna nueva','Album','2010-05-18'),(118,'Columbine','Album','2009-12-10'),(119,'Quizas','Sencillo','2018-05-19'),(120,'Black','Sencillo','2019-03-09'),(121,'Lo malo','Sencillo','2018-01-28'),(122,'Telefono','Sencillo','2018-06-17'),(123,'vas a quedarte','Sencillo','2018-12-14'),(124,'No es lo mismo','Album','2003-09-02'),(125,'El tren de los momentos','Album','2006-11-07'),(126,'paraiso express','Album','2009-11-10'),(127,'El disco','Album','2019-04-04'),(128,'Ni la hora','Sencillo','2018-06-06'),(129,'Toma Ketama','Album','2000-06-07'),(130,'Dame la mano','Album','2002-12-09'),(131,'Un reloj y una vela','Album','2000-04-28'),(132,'Cadizfornia','Album','2006-07-12'),(133,'Destino','Album','2015-12-08'),(134,'You number one','Album','2018-05-04'),(135,'culpable o no','Sencillo','2019-01-01'),(136,'Como un fantasma','Album','2011-11-22'),(137,'Soy humana','Album','2016-04-01'),(138,'Otra direccion','Album','2013-09-17'),(139,'Los amores oscuros','Album','2017-01-01'),(140,'Hijos del mar','Album','2016-12-02'),(141,'En tus planes','Album','2020-01-03'),(142,'Heroes en tiempos de guerra','Album','2019-02-08'),(143,'Sigue el ritmo','Sencillo','2016-01-01'),(144,'Hasta que se apague el sol','Album','2016-01-01'),(145,'Todavia','Album','2018-01-01'),(146,'Per tu','Album','2011-01-01'),(147,'Calle soledad','Album','2012-04-24'),(148,'autentico','Album','2008-01-01'),(149,'Lo que tenia','Sencillo','2019-01-01'),(150,'Bruja','Album','2013-06-18'),(151,'quien soy yo','Sencillo','2019-01-01'),(152,'La cruz del mapa','Album','2018-01-01'),(153,'Yo decido','Album','2015-01-01'),(154,'Me equivoque','Sencillo','2013-01-01'),(155,'De par en par','Album','2010-01-01'),(156,'Es ahora','Album','2020-01-01'),(157,'El tiempo pasa volando','Album','2018-01-01'),(158,'Solo o en compania de otros','Album','2008-01-01'),(159,'Almanauta','Album','2018-01-01'),(160,'La vida son solo dos dias','Sencillo','2018-01-01'),(161,'Camino fuego y libertad','Album','2017-12-15'),(162,'Cambio de tercio','Album','2014-06-03'),(163,'Infinitos bailes','Album','2016-01-01'),(164,'Kairos','Album','2017-06-30'),(165,'Gloria a ti','Album','2016-01-01'),(166,'30 y tanto','Album','2019-01-01'),(167,'vuela','Album','2015-01-01'),(168,'I do','Sencillo','2018-01-01'),(169,'El negreeto','Album','2019-01-01'),(170,'Lately','Sencillo','2012-01-01'),(171,'Thank u next','Album','2019-02-08'),(172,'All I ever need','Sencillo','2014-01-01'),(173,'Fantasea','Album','2012-06-11'),(174,'Two eleven','Album','2012-10-12'),(175,'Frame by frame','Album','2013-10-08'),(176,'King of hearts','Sencillo','2012-01-01'),(177,'Let love','Album','2019-01-01'),(178,'Gypsy heart','Album','2014-09-30'),(179,'Tell me you love me','Album','2017-09-29'),(180,'Kamikaze','Album','2018-08-31'),(181,'Witness','Album','2017-06-09'),(182,'Kids see ghost','Album','2018-01-01'),(183,'Joanne','Album','2016-10-21'),(184,'White hot forever','Album','2020-01-01'),(185,'Madame X','Album','2019-06-14'),(186,'Caution','Album','2018-11-16'),(187,'Queen','Album','2018-08-10'),(188,'Last year was complicated','Album','2016-06-16'),(189,'Rare','Album','2020-01-10'),(190,'Lover','Album','2019-08-23'),(191,'With pinyi','Sencillo','2018-01-01'),(192,'Utopia','Album','2017-11-24'),(193,'Time to say goodbye','Sencillo','1997-01-01'),(194,'Prisoner','Album','2017-01-01'),(195,'Vita ce ne','Album','2018-01-01'),(196,'Versus','Album','2017-06-23'),(197,'Sueno contigo','Album','2015-01-01'),(198,'La villarreal','Album','2017-01-01'),(199,'Mil vidas atras','Album','2015-01-01'),(200,'Mas enamorada con banda','Album','2018-01-01'),(201,'Coco','Sencillo','2017-01-01'),(202,'Deseo','Album','2018-09-14'),(203,'Thats how you write a song','Sencillo','2018-01-01'),(204,'Eye of the hurricane','Album','2012-01-01'),(205,'Moura','Album','2015-01-01'),(206,'Margens','Album','2012-01-01'),(207,'O melhor presente','Sencillo','2018-01-01'),(208,'Mi sueno','Album','2010-01-01'),(209,'Pensando en ti','Sencillo','2019-01-01'),(210,'Despacito','Sencillo','2019-01-01'),(211,'El disco duro','Album','2020-01-01'),(212,'War rages on','Sencillo','2014-01-01'),(213,'Frank','Album','2003-10-23'),(214,'Crazy stupid love','Sencillo','2014-06-14'),(215,'This Christmas day','Album','2018-10-26'),(216,'Gold in a brass age','Album','2019-01-01'),(217,'High expectations','Album','2019-08-02'),(218,'On the last time','Sencillo','2012-01-01'),(219,'Sunshine kitti','Album','2019-09-20'),(220,'Mi vida','Sencillo','2019-01-01'),(221,'Libre','Album','2016-01-01'),(222,'Vete pa la','Sencillo','2019-01-01'),(223,'Todas las mujeres que habitan en mi','Album','2018-11-16'),(224,'Querido amigo','Sencillo','2019-01-01'),(225,'Dark sky island','Album','2015-11-20'),(226,'Mexico por siempre','Album','2017-11-24'),(227,'Adaptacion','Album','2016-04-08'),(228,'Nadie va a molestar','Sencillo','2019-01-01'),(229,'Hazte sentir','Album','2018-03-16'),(230,'Golden','Album','2018-04-06'),(231,'2 Sides','Album','2018-01-01'),(232,'Double enfance','Album','2005-01-01'),(233,'Mi movimiento','Album','2018-09-28'),(234,'Wake me','Sencillo','2020-02-06'),(235,'Universo','Sencillo','2020-01-30'),(236,'Dua lipa','Album','2017-06-02'),(237,'Divide','Album','2017-03-02'),(238,'Blanco perla','Album','2016-10-14'),(239,'Eclipse de luna','Album','2013-08-13'),(240,'Saturno','Sencillo','2017-09-08'),(241,'Perriando','Sencillo','2019-01-01'),(242,'Realidad','Album','2019-01-01'),(243,'Trickfinger ll','Album','2017-09-08'),(244,'Get some','Sencillo','2010-10-22'),(245,'Changes','Sencillo','2018-01-01'),(246,'Everyday is christmas','Album','2017-11-17'),(247,'Meant to be','Sencillo','2017-10-24'),(248,'Salvavidas de hielo','Album','2017-01-01'),(249,'Once upon a mind','Album','2019-01-01'),(250,'To Russia with love','Sencillo','2018-01-01'),(251,'On the line','Album','2019-03-22'),(252,'Quoi de neuf','Sencillo','2016-01-01'),(253,'Yellow lights','Sencillo','2015-11-01'),(254,'Mshumaa','Sencillo','2019-11-08'),(255,'Dulce tentacion','Album','2009-05-05'),(256,'Dile','Sencillo','2019-01-01'),(257,'Radio','Sencillo','2019-01-01'),(258,'Chateau','Sencillo','2019-01-01'),(259,'Old me','Sencillo','2019-01-01'),(260,'Boneshaker','Sencillo','2019-01-01'),(261,'Balas perdidas','Album','2018-01-01'),(262,'Kill this love','Sencillo','2019-01-01'),(263,'Friend','Sencillo','2018-01-01'),(264,'Shadows','Sencillo','2019-01-01'),(265,'Barbie girl','Sencillo','2017-01-01'),(266,'Sin tu calor','Sencillo','2017-01-01'),(267,'Burnout','Sencillo','2017-01-01'),(268,'Shine','Sencillo','2010-01-01'),(269,'Wasteland','Sencillo','2018-01-01'),(270,'Defender','Sencillo','2020-01-01'),(271,'In our wake','Sencillo','2018-01-01'),(272,'Vibes','Sencillo','2017-01-01'),(273,'The one you know','Sencillo','2018-01-01'),(274,'Everything has changed','Sencillo','2012-01-01'),(275,'Some kind of disaster','Sencillo','2020-01-01'),(276,'The end is here','Sencillo','2018-01-01'),(277,'The mising man','Sencillo','2018-01-01'),(278,'Stranger ways','Sencillo','2014-01-01'),(279,'I dont want to miss a thing','Sencillo','2020-01-01'),(280,'Night visions','Album','2012-01-01'),(281,'V','Album','2015-01-01'),(282,'I desappear','Sencillo','2008-01-01'),(283,'React','Sencillo','2020-01-01'),(284,'Sweat','Sencillo','2017-01-01'),(285,'Rise','Sencillo','2019-01-01'),(286,'Un poco de amor','Sencillo','2018-01-01'),(287,'Secuaz','Sencillo','2019-01-01'),(288,'Te vas','Sencillo','2018-01-01'),(289,'In vain','Sencillo','2019-01-01'),(290,'Bota','Sencillo','2013-01-01'),(291,'Okay','Sencillo','2019-01-01'),(292,'Set me free','Sencillo','2020-01-01'),(293,'Another place','Sencillo','2019-01-01'),(294,'Home','Sencillo','2016-01-01'),(295,'Blue & lonesome','Album','2016-01-01'),(296,'Adio','Sencillo','2013-01-01'),(297,'A head full of dreams','Album','2015-01-01'),(298,'No ha parado de llover','Sencillo','2019-01-01'),(299,'Pa ti pa mi na ma','Sencillo','2019-01-01'),(300,'Lunes','Sencillo','2019-01-01'),(301,'Te traere el horizonte','Sencillo','2019-01-01'),(302,'Chacho','Sencillo','2020-01-01'),(303,'The hype','Sencillo','2019-01-01'),(304,'Chariots','Sencillo','2015-01-01'),(305,'Lets go','Sencillo','2001-01-01'),(306,'Go','Sencillo','2019-01-01'),(307,'More today than yesterday','Sencillo','2017-01-01'),(308,'Blue','Sencillo','1998-01-01'),(309,'Unexplained','Sencillo','2017-01-01'),(310,'Oh yeah','Sencillo','2020-01-01'),(311,'I shall overcome','Sencillo','2008-01-01'),(312,'Get down tonight','Sencillo','2018-01-01'),(313,'Amsterdan','Sencillo','2018-01-01'),(314,'The fear','Sencillo','2018-01-01'),(315,'Frosted flakes','Sencillo','2019-01-01'),(316,'Voy por ti','Sencillo','2019-01-01'),(317,'Superposition','Sencillo','2019-01-01'),(318,'Armour','Sencillo','2018-01-01'),(319,'Breathe','Sencillo','2019-01-01'),(320,'Black swan','Sencillo','2020-01-01'),(321,'Ludens','Sencillo','2019-01-01'),(322,'Only Jesus','Album','2018-11-16'),(323,'The gutter','Sencillo','2019-01-01'),(324,'Election day','Sencillo','2017-01-01'),(325,'Nodbody just like you','Sencillo','2020-01-01'),(326,'Hola','Sencillo','2018-01-01'),(327,'Sonreiras','Sencillo','2019-01-01'),(328,'The club is alive','Sencillo','2010-01-01'),(329,'Are you looking for action','Sencillo','2017-01-01'),(330,'La bala','Sencillo','2011-01-01'),(331,'Dosis','Sencillo','2019-01-01'),(332,'En esta no','Sencillo','2016-01-01'),(333,'Dos besos despues','Sencillo','2020-01-01'),(334,'Estoy contigo','Sencillo','2017-01-01'),(335,'Fuego','Sencillo','2019-01-01'),(336,'Notion','Sencillo','2009-01-01'),(337,'Miercoles','Sencillo','2019-01-01'),(338,'Ya no me duele','Sencillo','2019-01-01'),(339,'The last time','Sencillo','2019-01-01');
/*!40000 ALTER TABLE `tdisco` ENABLE KEYS */;
UNLOCK TABLES;

--
-- Table structure for table `tdiscografica`
--

DROP TABLE IF EXISTS `tdiscografica`;
/*!40101 SET @saved_cs_client     = @@character_set_client */;
/*!50503 SET character_set_client = utf8mb4 */;
CREATE TABLE `tdiscografica` (
  `NOMBRE` char(24) NOT NULL,
  `FUNDACION` date NOT NULL,
  `SEDE` char(30) NOT NULL,
  `NUM_EMPLEADOS` smallint NOT NULL,
  PRIMARY KEY (`NOMBRE`)
) ENGINE=InnoDB DEFAULT CHARSET=utf8;
/*!40101 SET character_set_client = @saved_cs_client */;

--
-- Dumping data for table `tdiscografica`
--

LOCK TABLES `tdiscografica` WRITE;
/*!40000 ALTER TABLE `tdiscografica` DISABLE KEYS */;
INSERT INTO `tdiscografica` VALUES ('APM MUSIC','2000-01-01','NEW YORK, EEUU',1500),('ARIOLA RECORDS','1958-01-01','ALEMANIA',1500),('CAPITOL MUSIC GROUP','2007-01-01','LOS ANGELES, EEUU',1500),('CAROLINE RECORDS','1973-01-01','NEW YORK, EEUU',1500),('COLUMBIA RECORDS','1887-01-01','NEW YORK, EEUU',1500),('EPIC RECORDS','1953-01-01','CALIFORNIA, EEUU',1500),('EXTREME MUSIC','2000-01-01','NEW YORK, EEUU',1500),('HELIUM 3','2006-01-01','NEW YORK, EEUU',1500),('ISLAND RECORDS','1959-01-01','REINO UNIDO',1500),('OVO SOUND','2012-01-01','CANADA',1500),('REPUBLIC RECORDS','1995-01-01','NEW YORK, EEUU',1500),('RIMAS MUSIC','2000-01-01','NEW YORK, EEUU',1500),('SACRA MUSIC','2000-01-01','NEW YORK, EEUU',1500),('SONY MUSIC ENTERTAINMENT','2008-10-01','NEW YORK, EEUU',8500),('SPINNIN RECORDS','2000-01-01','PAISES BAJOS',1500),('UNIVERSAL MUSIC GROUP','1996-12-09','CALIFORNIA, EEUU',8319),('VERVE RECORDS','1956-01-01','CALIFORNIA, EEUU',1500),('WARNER MUSIC GROUP','2004-02-15','NEW YORK, EEUU',4520);
/*!40000 ALTER TABLE `tdiscografica` ENABLE KEYS */;
UNLOCK TABLES;

--
-- Table structure for table `tgrupo`
--

DROP TABLE IF EXISTS `tgrupo`;
/*!40101 SET @saved_cs_client     = @@character_set_client */;
/*!50503 SET character_set_client = utf8mb4 */;
CREATE TABLE `tgrupo` (
  `CODIGO` smallint NOT NULL,
  `NOMBRE` char(30) NOT NULL,
  `FUNDACION` date NOT NULL,
  `NACIONALIDAD` char(15) NOT NULL,
  `NOMBREDISCOGRAFICA` char(24) NOT NULL,
  PRIMARY KEY (`CODIGO`),
  KEY `fk_tgrupo_tdiscografica` (`NOMBREDISCOGRAFICA`),
  CONSTRAINT `fk_tgrupo_tdiscografica` FOREIGN KEY (`NOMBREDISCOGRAFICA`) REFERENCES `tdiscografica` (`NOMBRE`) ON DELETE RESTRICT ON UPDATE CASCADE
) ENGINE=InnoDB DEFAULT CHARSET=utf8;
/*!40101 SET character_set_client = @saved_cs_client */;

--
-- Dumping data for table `tgrupo`
--

LOCK TABLES `tgrupo` WRITE;
/*!40000 ALTER TABLE `tgrupo` DISABLE KEYS */;
INSERT INTO `tgrupo` VALUES (0,'Rammstein','1994-01-01','ALEMANIA','UNIVERSAL MUSIC GROUP'),(1,'TOKIO HOTEL','2001-01-10','ALEMANIA','UNIVERSAL MUSIC GROUP'),(2,'5 Seconds of Summer','2011-01-01','AUSTRALIA','UNIVERSAL MUSIC GROUP'),(3,'Airbourne','2003-01-01','AUSTRALIA','UNIVERSAL MUSIC GROUP'),(4,'Morat','2011-01-01','COLOMBIA','UNIVERSAL MUSIC GROUP'),(5,'BlackPink','2016-01-01','COREA DEL SUR','UNIVERSAL MUSIC GROUP'),(6,'BTOB','2012-01-01','COREA DEL SUR','UNIVERSAL MUSIC GROUP'),(7,'Alphabeat','2004-01-01','DINAMARCA','UNIVERSAL MUSIC GROUP'),(8,'Aqua','2007-01-01','DINAMARCA','UNIVERSAL MUSIC GROUP'),(9,'La Voz del Desierto','2004-01-01','ESPANA','UNIVERSAL MUSIC GROUP'),(10,'10 Years','1999-01-01','EEUU','UNIVERSAL MUSIC GROUP'),(11,'3 Doors Down','1996-01-01','EEUU','UNIVERSAL MUSIC GROUP'),(12,'All That Remains','1998-01-01','EEUU','UNIVERSAL MUSIC GROUP'),(13,'August Burns Red','2003-01-01','EEUU','UNIVERSAL MUSIC GROUP'),(14,'Atreyu','1998-01-01','EEUU','UNIVERSAL MUSIC GROUP'),(15,'Adelitas Way','2006-01-01','EEUU','UNIVERSAL MUSIC GROUP'),(16,'Alice in Chains','1987-01-01','EEUU','UNIVERSAL MUSIC GROUP'),(17,'Allstar Weekend','2008-01-01','EEUU','UNIVERSAL MUSIC GROUP'),(18,'All Time Low','2003-01-01','EEUU','UNIVERSAL MUSIC GROUP'),(19,'AlterBridge','2004-01-01','EEUU','UNIVERSAL MUSIC GROUP'),(20,'AFI','1991-01-01','EEUU','UNIVERSAL MUSIC GROUP'),(21,'Anberlin','1995-01-01','EEUU','UNIVERSAL MUSIC GROUP'),(22,'Boyce Avenue','2004-01-01','EEUU','UNIVERSAL MUSIC GROUP'),(23,'Imagine Dragons','2008-01-01','EEUU','UNIVERSAL MUSIC GROUP'),(24,'Maroon 5','1994-01-01','EEUU','UNIVERSAL MUSIC GROUP'),(25,'Metallica','1981-01-01','EEUU','UNIVERSAL MUSIC GROUP'),(26,'Pussycat Doll','2005-01-01','EEUU','UNIVERSAL MUSIC GROUP'),(27,'The All-American Rejects','1999-01-01','EEUU','UNIVERSAL MUSIC GROUP'),(28,'Apocalyptica','1992-01-01','FINLANDIA','UNIVERSAL MUSIC GROUP'),(29,'Alacranes Musical','1996-01-01','MEXICO','UNIVERSAL MUSIC GROUP'),(30,'Enjambre','2001-01-01','MEXICO','UNIVERSAL MUSIC GROUP'),(31,'Kinky','1998-01-01','MEXICO','UNIVERSAL MUSIC GROUP'),(32,'Within Temptation','1997-01-01','PAISES BAJOS','UNIVERSAL MUSIC GROUP'),(33,'Buraka Som Sistema','2006-01-01','PORTUGAL','UNIVERSAL MUSIC GROUP'),(34,'As it is','2012-01-01','REINO UNIDO','UNIVERSAL MUSIC GROUP'),(35,'Avenged Sevenfold','1999-01-01','EEUU','UNIVERSAL MUSIC GROUP'),(36,'Bastille','2010-01-01','REINO UNIDO','UNIVERSAL MUSIC GROUP'),(37,'Blue','2001-01-01','REINO UNIDO','UNIVERSAL MUSIC GROUP'),(38,'The Rolling Stones','1962-01-01','REINO UNIDO','UNIVERSAL MUSIC GROUP'),(39,'Blaxy Girls','2007-01-01','RUMANIA','UNIVERSAL MUSIC GROUP'),(40,'Coldplay','1996-01-01','REINO UNIDO','WARNER MUSIC GROUP'),(41,'Mana','1981-01-01','MEXICO','WARNER MUSIC GROUP'),(42,'Camela','1994-01-01','ESPANA','WARNER MUSIC GROUP'),(43,'Sweet California','2013-01-01','ESPANA','WARNER MUSIC GROUP'),(44,'Mago de Oz','1988-01-01','ESPANA','WARNER MUSIC GROUP'),(45,'Efecto Pasillo','2007-01-01','ESPANA','WARNER MUSIC GROUP'),(46,'Twenty One Pilots','2009-01-01','EEUU','WARNER MUSIC GROUP'),(47,'All 4 One','1993-01-01','EEUU','WARNER MUSIC GROUP'),(48,'The apples in stereo','1992-01-01','EEUU','WARNER MUSIC GROUP'),(49,'The Black Keys','2001-01-01','EEUU','WARNER MUSIC GROUP'),(50,'Chicago','1967-01-01','EEUU','WARNER MUSIC GROUP'),(51,'Eiffel 65','1998-01-01','ITALIA','WARNER MUSIC GROUP'),(52,'EMF','1989-01-01','REINO UNIDO','WARNER MUSIC GROUP'),(53,'Green Day','1987-01-01','EEUU','WARNER MUSIC GROUP'),(54,'Hard_Fi','2003-01-01','REINO UNIDO','WARNER MUSIC GROUP'),(55,'KC and the Sunshine Band','1973-01-01','EEUU','WARNER MUSIC GROUP'),(56,'The Living End','1994-01-01','AUSTRALIA','WARNER MUSIC GROUP'),(57,'Los Lobos','1973-01-01','EEUU','WARNER MUSIC GROUP'),(58,'Migos','2008-01-01','EEUU','WARNER MUSIC GROUP'),(59,'Piso 21','2007-01-01','COLOMBIA','WARNER MUSIC GROUP'),(60,'Young the Giant','2004-01-01','EEUU','WARNER MUSIC GROUP'),(61,'A1','1998-01-01','NORUEGA','SONY MUSIC ENTERTAINMENT'),(62,'Backstreet Boys','1993-01-01','EEUU','SONY MUSIC ENTERTAINMENT'),(63,'BTS','2013-01-01','COREA DEL SUR','SONY MUSIC ENTERTAINMENT'),(64,'Bring me the horizon','2004-01-01','REINO UNIDO','SONY MUSIC ENTERTAINMENT'),(65,'Casting Crowns','1999-01-01','EEUU','SONY MUSIC ENTERTAINMENT'),(66,'Coheed and Cambria','1995-01-01','EEUU','SONY MUSIC ENTERTAINMENT'),(67,'Europe','1979-01-01','SUECIA','SONY MUSIC ENTERTAINMENT'),(68,'Human Nature','1989-01-01','AUSTRALIA','SONY MUSIC ENTERTAINMENT'),(69,'IL Divo','2004-01-01','REINO UNIDO','SONY MUSIC ENTERTAINMENT'),(70,'IL Volo','2010-01-01','ITALIA','SONY MUSIC ENTERTAINMENT'),(71,'JLS','2006-01-01','REINO UNIDO','SONY MUSIC ENTERTAINMENT'),(72,'Kasabian','1997-01-01','REINO UNIDO','SONY MUSIC ENTERTAINMENT'),(73,'Los del Rio','1962-01-01','ESPANA','SONY MUSIC ENTERTAINMENT'),(74,'Dvicio','2013-01-01','ESPANA','SONY MUSIC ENTERTAINMENT'),(75,'Sin Bandera','2000-01-01','MEXICO','SONY MUSIC ENTERTAINMENT'),(76,'Maldita Nerea','2003-01-01','ESPANA','SONY MUSIC ENTERTAINMENT'),(77,'La oreja de Van Gogh','1996-01-01','ESPANA','SONY MUSIC ENTERTAINMENT'),(78,'Estopa','1998-01-01','ESPANA','SONY MUSIC ENTERTAINMENT'),(79,'Kings of Leon','1999-01-01','EEUU','SONY MUSIC ENTERTAINMENT'),(80,'DLD','1998-01-01','MEXICO','SONY MUSIC ENTERTAINMENT'),(81,'Gemeliers','2014-01-01','ESPANA','SONY MUSIC ENTERTAINMENT'),(82,'The Script','2007-01-01','IRLANDA','SONY MUSIC ENTERTAINMENT');
/*!40000 ALTER TABLE `tgrupo` ENABLE KEYS */;
UNLOCK TABLES;

--
-- Table structure for table `tinterpreta`
--

DROP TABLE IF EXISTS `tinterpreta`;
/*!40101 SET @saved_cs_client     = @@character_set_client */;
/*!50503 SET character_set_client = utf8mb4 */;
CREATE TABLE `tinterpreta` (
  `CODGRUPO` smallint NOT NULL,
  `CODCANCION` smallint NOT NULL,
  PRIMARY KEY (`CODGRUPO`,`CODCANCION`),
  KEY `fk_tinterpreta_tcancion` (`CODCANCION`),
  CONSTRAINT `fk_tinterpreta_tcancion` FOREIGN KEY (`CODCANCION`) REFERENCES `tcancion` (`CODIGO`) ON DELETE RESTRICT ON UPDATE CASCADE,
  CONSTRAINT `fk_tinterpreta_tgrupo` FOREIGN KEY (`CODGRUPO`) REFERENCES `tgrupo` (`CODIGO`) ON DELETE RESTRICT ON UPDATE CASCADE
) ENGINE=InnoDB DEFAULT CHARSET=utf8;
/*!40101 SET character_set_client = @saved_cs_client */;

--
-- Dumping data for table `tinterpreta`
--

LOCK TABLES `tinterpreta` WRITE;
/*!40000 ALTER TABLE `tinterpreta` DISABLE KEYS */;
INSERT INTO `tinterpreta` VALUES (0,833),(1,834),(2,835),(3,836),(4,837),(4,838),(4,839),(4,840),(4,841),(4,842),(5,843),(6,844),(7,845),(8,846),(9,847),(10,848),(11,849),(12,850),(13,851),(14,852),(15,853),(16,854),(17,855),(18,856),(19,857),(20,858),(21,859),(22,860),(23,861),(23,862),(23,863),(23,864),(23,865),(23,866),(23,867),(24,868),(24,869),(24,870),(24,871),(24,872),(24,873),(25,874),(26,875),(27,876),(28,877),(29,878),(30,879),(31,880),(32,881),(33,882),(34,883),(35,884),(36,885),(37,886),(38,887),(38,888),(38,889),(38,890),(39,891),(40,892),(40,893),(40,894),(40,895),(40,896),(41,897),(42,898),(43,899),(44,900),(45,901),(46,902),(47,903),(48,904),(49,905),(50,906),(51,907),(52,908),(53,909),(54,910),(55,911),(56,912),(57,913),(58,914),(59,915),(60,916),(61,917),(62,918),(63,919),(64,920),(65,921),(65,922),(65,923),(65,924),(65,925),(65,926),(66,927),(67,928),(68,929),(69,930),(70,931),(71,932),(72,933),(73,934),(74,935),(75,936),(76,937),(77,938),(78,939),(79,940),(80,941),(81,942),(82,943);
/*!40000 ALTER TABLE `tinterpreta` ENABLE KEYS */;
UNLOCK TABLES;

--
-- Table structure for table `tprodgrupo`
--

DROP TABLE IF EXISTS `tprodgrupo`;
/*!40101 SET @saved_cs_client     = @@character_set_client */;
/*!50503 SET character_set_client = utf8mb4 */;
CREATE TABLE `tprodgrupo` (
  `CODDISCO` smallint NOT NULL,
  `CODGRUPO` smallint NOT NULL,
  PRIMARY KEY (`CODDISCO`),
  KEY `fk_tprodgrupo_tgrupo` (`CODGRUPO`),
  CONSTRAINT `fk_tprodgrupo_tdisco` FOREIGN KEY (`CODDISCO`) REFERENCES `tdisco` (`CODIGO`) ON DELETE RESTRICT ON UPDATE CASCADE,
  CONSTRAINT `fk_tprodgrupo_tgrupo` FOREIGN KEY (`CODGRUPO`) REFERENCES `tgrupo` (`CODIGO`) ON DELETE RESTRICT ON UPDATE CASCADE
) ENGINE=InnoDB DEFAULT CHARSET=utf8;
/*!40101 SET character_set_client = @saved_cs_client */;

--
-- Dumping data for table `tprodgrupo`
--

LOCK TABLES `tprodgrupo` WRITE;
/*!40000 ALTER TABLE `tprodgrupo` DISABLE KEYS */;
INSERT INTO `tprodgrupo` VALUES (257,0),(258,1),(259,2),(260,3),(261,4),(262,5),(263,6),(264,7),(265,8),(266,9),(267,10),(268,11),(269,12),(270,13),(271,14),(272,15),(273,16),(274,17),(275,18),(276,19),(277,20),(278,21),(279,22),(280,23),(281,24),(282,25),(283,26),(284,27),(285,28),(286,29),(287,30),(288,31),(289,32),(290,33),(291,34),(292,35),(293,36),(294,37),(295,38),(296,39),(297,40),(298,41),(299,42),(300,43),(301,44),(302,45),(303,46),(304,47),(305,48),(306,49),(307,50),(308,51),(309,52),(310,53),(311,54),(312,55),(313,56),(314,57),(315,58),(316,59),(317,60),(318,61),(319,62),(320,63),(321,64),(322,65),(323,66),(324,67),(325,68),(326,69),(327,70),(328,71),(329,72),(330,73),(331,74),(332,75),(333,76),(334,77),(335,78),(336,79),(337,80),(338,81),(339,82);
/*!40000 ALTER TABLE `tprodgrupo` ENABLE KEYS */;
UNLOCK TABLES;

--
-- Table structure for table `tproduce`
--

DROP TABLE IF EXISTS `tproduce`;
/*!40101 SET @saved_cs_client     = @@character_set_client */;
/*!50503 SET character_set_client = utf8mb4 */;
CREATE TABLE `tproduce` (
  `CODDISCO` smallint NOT NULL,
  `CODCANTANTE` smallint NOT NULL,
  PRIMARY KEY (`CODDISCO`),
  KEY `fk_tproduce_tcantante` (`CODCANTANTE`),
  CONSTRAINT `fk_tproduce_tcantante` FOREIGN KEY (`CODCANTANTE`) REFERENCES `tcantante` (`CODIGO`) ON DELETE RESTRICT ON UPDATE CASCADE,
  CONSTRAINT `fk_tproduce_tdisco` FOREIGN KEY (`CODDISCO`) REFERENCES `tdisco` (`CODIGO`) ON DELETE RESTRICT ON UPDATE CASCADE
) ENGINE=InnoDB DEFAULT CHARSET=utf8;
/*!40101 SET character_set_client = @saved_cs_client */;

--
-- Dumping data for table `tproduce`
--

LOCK TABLES `tproduce` WRITE;
/*!40000 ALTER TABLE `tproduce` DISABLE KEYS */;
INSERT INTO `tproduce` VALUES (0,0),(1,0),(16,1),(17,1),(27,2),(28,2),(29,2),(30,2),(31,2),(32,2),(33,2),(34,3),(35,3),(36,4),(37,4),(38,4),(39,4),(40,5),(41,5),(42,5),(43,5),(44,5),(45,5),(47,6),(48,6),(49,6),(50,7),(52,7),(53,7),(57,8),(58,8),(59,8),(60,9),(61,9),(62,10),(63,10),(64,10),(65,10),(66,10),(67,11),(68,11),(69,12),(70,12),(71,12),(72,12),(73,13),(74,13),(75,13),(76,14),(77,14),(78,14),(79,15),(80,15),(81,15),(82,15),(83,16),(84,16),(85,16),(86,16),(87,17),(88,17),(89,17),(90,17),(91,17),(92,18),(93,18),(94,18),(95,19),(96,19),(97,19),(98,19),(99,20),(100,21),(101,21),(102,22),(103,23),(104,23),(105,24),(106,24),(107,24),(108,24),(109,25),(110,25),(111,25),(112,25),(113,25),(114,26),(115,26),(116,27),(117,28),(118,29),(119,30),(120,30),(5,31),(121,32),(122,32),(123,32),(124,33),(125,33),(126,33),(127,33),(128,34),(129,35),(130,35),(256,36),(131,37),(132,37),(133,37),(134,38),(135,39),(136,40),(137,40),(138,40),(139,41),(140,42),(141,42),(142,43),(143,44),(144,45),(145,46),(146,47),(147,48),(148,49),(149,50),(150,51),(151,52),(152,53),(153,54),(154,55),(155,56),(156,57),(157,58),(158,59),(159,60),(160,61),(161,62),(162,63),(163,64),(164,65),(165,66),(166,67),(167,68),(168,69),(169,70),(170,71),(171,72),(172,73),(173,74),(174,75),(175,76),(176,77),(177,78),(178,79),(179,80),(180,81),(181,82),(182,83),(183,84),(184,85),(185,86),(186,87),(187,88),(188,89),(189,90),(190,91),(191,92),(192,93),(193,94),(194,95),(195,96),(196,97),(197,98),(198,99),(199,100),(200,101),(201,102),(202,103),(203,104),(204,105),(205,106),(206,107),(207,108),(208,109),(209,110),(210,111),(211,112),(212,113),(213,114),(214,115),(215,116),(216,117),(217,118),(218,119),(219,120),(220,121),(221,122),(222,123),(223,124),(224,125),(225,126),(226,127),(227,128),(228,129),(229,130),(230,131),(231,132),(232,133),(233,134),(234,135),(235,136),(236,137),(237,138),(238,139),(239,140),(240,141),(241,142),(242,143),(243,144),(244,145),(245,146),(246,147),(247,148),(248,149),(249,150),(250,151),(251,152),(252,153),(253,154),(254,155),(2,156),(3,157),(4,158),(54,159),(55,160),(56,161),(6,163),(255,163),(7,164),(8,166),(51,167),(9,168),(10,169),(11,170),(12,171),(13,172),(14,173),(15,174),(18,175),(19,176),(20,177),(21,178),(22,179),(23,180),(24,181),(25,182),(26,183),(46,184);
/*!40000 ALTER TABLE `tproduce` ENABLE KEYS */;
UNLOCK TABLES;
/*!40103 SET TIME_ZONE=@OLD_TIME_ZONE */;

/*!40101 SET SQL_MODE=@OLD_SQL_MODE */;
/*!40014 SET FOREIGN_KEY_CHECKS=@OLD_FOREIGN_KEY_CHECKS */;
/*!40014 SET UNIQUE_CHECKS=@OLD_UNIQUE_CHECKS */;
/*!40101 SET CHARACTER_SET_CLIENT=@OLD_CHARACTER_SET_CLIENT */;
/*!40101 SET CHARACTER_SET_RESULTS=@OLD_CHARACTER_SET_RESULTS */;
/*!40101 SET COLLATION_CONNECTION=@OLD_COLLATION_CONNECTION */;
/*!40111 SET SQL_NOTES=@OLD_SQL_NOTES */;

-- Dump completed on 2021-01-28 11:55:09
